"dataset","rank","replicate","method","variant","mask_zeros","precision","cv","total_time","time_per_epoch","train_mse","test_mse"
"movielens",2,1,"RcppML","standard",FALSE,"double",FALSE,0.00999999999999979,0.00199999999999996,13.6280315702582,NA
"movielens",2,1,"RcppML","standard",TRUE,"double",FALSE,0.0199999999999996,0.00399999999999992,13.6280315702582,NA
"movielens",2,1,"RcppML","cv",FALSE,"double",TRUE,0.16,0.032,13.6172818663035,13.7899305602113
"movielens",2,1,"RcppML","cv",TRUE,"double",TRUE,0.0299999999999994,0.00599999999999987,13.6172565007676,13.7899068246078
"movielens",2,1,"RcppML","cv",FALSE,"float",TRUE,0.16,0.032,13.6172818663035,13.7899305602113
"movielens",2,1,"singlet","standard",FALSE,"double",FALSE,0,0,13.6496207657929,NA
"movielens",2,1,"singlet","cv",FALSE,"double",TRUE,0.0700000000000003,0.0140000000000001,NA,0.353545649253089
"movielens",2,2,"RcppML","standard",FALSE,"double",FALSE,0.0199999999999996,0.00399999999999992,13.6288996662164,NA
"movielens",2,2,"RcppML","standard",TRUE,"double",FALSE,0,0,13.6288996662164,NA
"movielens",2,2,"RcppML","cv",FALSE,"double",TRUE,0.17,0.034,13.6239454038895,13.7052508072201
"movielens",2,2,"RcppML","cv",TRUE,"double",TRUE,0.0500000000000007,0.0100000000000001,13.6237842208386,13.7051048270935
"movielens",2,2,"RcppML","cv",FALSE,"float",TRUE,0.16,0.032,13.6239454038895,13.7052508072201
"movielens",2,2,"singlet","standard",FALSE,"double",FALSE,0,0,13.6496212925903,NA
"movielens",2,2,"singlet","cv",FALSE,"double",TRUE,0.0800000000000018,0.0160000000000004,NA,0.341667060508704
"movielens",2,3,"RcppML","standard",FALSE,"double",FALSE,0.0199999999999996,0.00399999999999992,13.6276434506479,NA
"movielens",2,3,"RcppML","standard",TRUE,"double",FALSE,0.0199999999999996,0.00399999999999992,13.6276434506479,NA
"movielens",2,3,"RcppML","cv",FALSE,"double",TRUE,0.169999999999998,0.0339999999999996,13.6337421407928,13.5356568715313
"movielens",2,3,"RcppML","cv",TRUE,"double",TRUE,0.0300000000000011,0.00600000000000023,13.6337551663352,13.5356667177538
"movielens",2,3,"RcppML","cv",FALSE,"float",TRUE,0.16,0.032,13.6337421407928,13.5356568715313
"movielens",2,3,"singlet","standard",FALSE,"double",FALSE,0,0,13.649622554943,NA
"movielens",2,3,"singlet","cv",FALSE,"double",TRUE,0.0799999999999983,0.0159999999999997,NA,0.348143091602798
"movielens",4,1,"RcppML","standard",FALSE,"double",FALSE,0,0,13.6140981978803,NA
"movielens",4,1,"RcppML","standard",TRUE,"double",FALSE,0.0199999999999996,0.00399999999999992,13.6140981978803,NA
"movielens",4,1,"RcppML","cv",FALSE,"double",TRUE,0.199999999999999,0.0399999999999999,13.6033425558153,13.775893899452
"movielens",4,1,"RcppML","cv",TRUE,"double",TRUE,0.0500000000000007,0.0100000000000001,13.6032025206368,13.7757495332788
"movielens",4,1,"RcppML","cv",FALSE,"float",TRUE,0.420000000000002,0.0840000000000003,13.6033425558153,13.775893899452
"movielens",4,1,"singlet","standard",FALSE,"double",FALSE,0.0300000000000011,0.00600000000000023,13.6495581018032,NA
"movielens",4,1,"singlet","cv",FALSE,"double",TRUE,0.0700000000000003,0.0140000000000001,NA,0.339539089798906
"movielens",4,2,"RcppML","standard",FALSE,"double",FALSE,0.0200000000000031,0.00400000000000063,13.6140573272235,NA
"movielens",4,2,"RcppML","standard",TRUE,"double",FALSE,0.0199999999999996,0.00399999999999992,13.6140573272235,NA
"movielens",4,2,"RcppML","cv",FALSE,"double",TRUE,0.16,0.032,13.6092725341102,13.6907251336086
"movielens",4,2,"RcppML","cv",TRUE,"double",TRUE,0.0500000000000007,0.0100000000000001,13.6092819467789,13.6907498914422
"movielens",4,2,"RcppML","cv",FALSE,"float",TRUE,0.149999999999999,0.0299999999999997,13.6092725341102,13.6907251336086
"movielens",4,2,"singlet","standard",FALSE,"double",FALSE,0,0,13.6495560816561,NA
"movielens",4,2,"singlet","cv",FALSE,"double",TRUE,0.0800000000000018,0.0160000000000004,NA,0.348880311824964
"movielens",4,3,"RcppML","standard",FALSE,"double",FALSE,0,0,13.6146934938023,NA
"movielens",4,3,"RcppML","standard",TRUE,"double",FALSE,0.0199999999999996,0.00399999999999992,13.6146934938023,NA
"movielens",4,3,"RcppML","cv",FALSE,"double",TRUE,0.190000000000001,0.0380000000000003,13.6209011239133,13.5234166208951
"movielens",4,3,"RcppML","cv",TRUE,"double",TRUE,0.0599999999999987,0.0119999999999997,13.6208588932698,13.523394058601
"movielens",4,3,"RcppML","cv",FALSE,"float",TRUE,0.199999999999999,0.0399999999999999,13.6209011239133,13.5234166208951
"movielens",4,3,"singlet","standard",FALSE,"double",FALSE,0.0200000000000031,0.00400000000000063,13.6495602773144,NA
"movielens",4,3,"singlet","cv",FALSE,"double",TRUE,0.109999999999999,0.0219999999999999,NA,0.348392642669847
"movielens",8,1,"RcppML","standard",FALSE,"double",FALSE,0.0200000000000031,0.00400000000000063,13.591743464475,NA
"movielens",8,1,"RcppML","standard",TRUE,"double",FALSE,0.0200000000000031,0.00400000000000063,13.591743464475,NA
"movielens",8,1,"RcppML","cv",FALSE,"double",TRUE,0.190000000000005,0.038000000000001,13.5814376725373,13.7540201583455
"movielens",8,1,"RcppML","cv",TRUE,"double",TRUE,0.0500000000000043,0.0100000000000009,13.5813128492776,13.7539442352644
"movielens",8,1,"RcppML","cv",FALSE,"float",TRUE,0.190000000000005,0.038000000000001,13.5814376725373,13.7540201583455
"movielens",8,1,"singlet","standard",FALSE,"double",FALSE,0.00999999999999801,0.0019999999999996,13.6494211766319,NA
"movielens",8,1,"singlet","cv",FALSE,"double",TRUE,0.0900000000000034,0.0180000000000007,NA,0.345439107943655
"movielens",8,2,"RcppML","standard",FALSE,"double",FALSE,0.0200000000000031,0.00400000000000063,13.5914329126819,NA
"movielens",8,2,"RcppML","standard",TRUE,"double",FALSE,0.0200000000000031,0.00400000000000063,13.5914329126819,NA
"movielens",8,2,"RcppML","cv",FALSE,"double",TRUE,0.18,0.0359999999999999,13.5870828560886,13.6685114846891
"movielens",8,2,"RcppML","cv",TRUE,"double",TRUE,0.0499999999999972,0.00999999999999943,13.5871912858365,13.6689238911779
"movielens",8,2,"RcppML","cv",FALSE,"float",TRUE,0.189999999999998,0.0379999999999995,13.5870828560886,13.6685114846891
"movielens",8,2,"singlet","standard",FALSE,"double",FALSE,0.0399999999999991,0.00799999999999983,13.6494246214435,NA
"movielens",8,2,"singlet","cv",FALSE,"double",TRUE,0.109999999999999,0.0219999999999999,NA,0.350693066113285
"movielens",8,3,"RcppML","standard",FALSE,"double",FALSE,0.00999999999999801,0.0019999999999996,13.5928247207247,NA
"movielens",8,3,"RcppML","standard",TRUE,"double",FALSE,0.0200000000000031,0.00400000000000063,13.5928247207247,NA
"movielens",8,3,"RcppML","cv",FALSE,"double",TRUE,0.270000000000003,0.0540000000000006,13.5992536289675,13.5016130518541
"movielens",8,3,"RcppML","cv",TRUE,"double",TRUE,0.0600000000000023,0.0120000000000005,13.5993493889649,13.5016674365208
"movielens",8,3,"RcppML","cv",FALSE,"float",TRUE,0.199999999999996,0.0399999999999991,13.5992536289675,13.5016130518541
"movielens",8,3,"singlet","standard",FALSE,"double",FALSE,0.0200000000000031,0.00400000000000063,13.6494182938796,NA
"movielens",8,3,"singlet","cv",FALSE,"double",TRUE,0.0800000000000054,0.0160000000000011,NA,0.354927209419153
"movielens",16,1,"RcppML","standard",FALSE,"double",FALSE,0.0300000000000011,0.00600000000000023,13.5578328476992,NA
"movielens",16,1,"RcppML","standard",TRUE,"double",FALSE,0.029999999999994,0.00599999999999881,13.5578328476992,NA
"movielens",16,1,"RcppML","cv",FALSE,"double",TRUE,0.219999999999999,0.0439999999999998,13.5477720877235,13.7197930036523
"movielens",16,1,"RcppML","cv",TRUE,"double",TRUE,0.0700000000000003,0.0140000000000001,13.547287123677,13.7197642095825
"movielens",16,1,"RcppML","cv",FALSE,"float",TRUE,0.18,0.0359999999999999,13.5477720877235,13.7197930036523
"movielens",16,1,"singlet","standard",FALSE,"double",FALSE,0.019999999999996,0.0039999999999992,13.6490966357881,NA
"movielens",16,1,"singlet","cv",FALSE,"double",TRUE,0.0899999999999963,0.0179999999999993,NA,0.336850239143595
"movielens",16,2,"RcppML","standard",FALSE,"double",FALSE,0.019999999999996,0.0039999999999992,13.5578972208456,NA
"movielens",16,2,"RcppML","standard",TRUE,"double",FALSE,0.0300000000000011,0.00600000000000023,13.5578972208456,NA
"movielens",16,2,"RcppML","cv",FALSE,"double",TRUE,0.219999999999999,0.0439999999999998,13.554326237147,13.6347405380319
"movielens",16,2,"RcppML","cv",TRUE,"double",TRUE,0.100000000000001,0.0200000000000003,13.5536998160211,13.634520296104
"movielens",16,2,"RcppML","cv",FALSE,"float",TRUE,0.32,0.0640000000000001,13.554326237147,13.6347405380319
"movielens",16,2,"singlet","standard",FALSE,"double",FALSE,0.029999999999994,0.00599999999999881,13.6491193879601,NA
"movielens",16,2,"singlet","cv",FALSE,"double",TRUE,0.310000000000002,0.0620000000000005,NA,0.344968670381296
"movielens",16,3,"RcppML","standard",FALSE,"double",FALSE,0.0900000000000034,0.0180000000000007,13.5571542239421,NA
"movielens",16,3,"RcppML","standard",TRUE,"double",FALSE,0.0500000000000043,0.0100000000000009,13.5571542239421,NA
"movielens",16,3,"RcppML","cv",FALSE,"double",TRUE,0.359999999999999,0.0719999999999999,13.5651744362805,13.4683643837142
"movielens",16,3,"RcppML","cv",TRUE,"double",TRUE,0.109999999999999,0.0219999999999999,13.5659337745429,13.4690733120038
"movielens",16,3,"RcppML","cv",FALSE,"float",TRUE,0.25,0.05,13.5651744362805,13.4683643837142
"movielens",16,3,"singlet","standard",FALSE,"double",FALSE,0.0300000000000011,0.00600000000000023,13.6490921327144,NA
"movielens",16,3,"singlet","cv",FALSE,"double",TRUE,0.109999999999999,0.0219999999999999,NA,0.340996301650341
"movielens",32,1,"RcppML","standard",FALSE,"double",FALSE,0.169999999999995,0.0339999999999989,13.5104838219502,NA
"movielens",32,1,"RcppML","standard",TRUE,"double",FALSE,0.0900000000000034,0.0180000000000007,13.5104838219502,NA
"movielens",32,1,"RcppML","cv",FALSE,"double",TRUE,0.449999999999996,0.0899999999999992,13.5043871275534,13.6773190887359
"movielens",32,1,"RcppML","cv",TRUE,"double",TRUE,0.25,0.05,13.5036986929336,13.6767986330233
"movielens",32,1,"RcppML","cv",FALSE,"float",TRUE,0.370000000000005,0.0740000000000009,13.5043871275534,13.6773190887359
"movielens",32,1,"singlet","standard",FALSE,"double",FALSE,0.0799999999999983,0.0159999999999997,13.6483576323067,NA
"movielens",32,1,"singlet","cv",FALSE,"double",TRUE,0.189999999999998,0.0379999999999995,NA,0.351621205476372
"movielens",32,2,"RcppML","standard",FALSE,"double",FALSE,0.149999999999991,0.0299999999999983,13.5094200984022,NA
"movielens",32,2,"RcppML","standard",TRUE,"double",FALSE,0.13000000000001,0.0260000000000019,13.5094200984022,NA
"movielens",32,2,"RcppML","cv",FALSE,"double",TRUE,0.449999999999989,0.0899999999999977,13.51041241687,13.5899740454061
"movielens",32,2,"RcppML","cv",TRUE,"double",TRUE,0.160000000000011,0.0320000000000022,13.5073821352665,13.586541417401
"movielens",32,2,"RcppML","cv",FALSE,"float",TRUE,0.550000000000011,0.110000000000002,13.51041241687,13.5899740454061
"movielens",32,2,"singlet","standard",FALSE,"double",FALSE,0.0600000000000023,0.0120000000000005,13.6483776811748,NA
"movielens",32,2,"singlet","cv",FALSE,"double",TRUE,0.219999999999999,0.0439999999999998,NA,0.349809818740651
"movielens",32,3,"RcppML","standard",FALSE,"double",FALSE,0.13000000000001,0.0260000000000019,13.5065878360695,NA
"movielens",32,3,"RcppML","standard",TRUE,"double",FALSE,0.139999999999986,0.0279999999999973,13.5065878360695,NA
"movielens",32,3,"RcppML","cv",FALSE,"double",TRUE,0.450000000000003,0.0900000000000006,13.5180645418431,13.4227636102034
"movielens",32,3,"RcppML","cv",TRUE,"double",TRUE,0.210000000000008,0.0420000000000016,13.5165304269,13.4216080625568
"movielens",32,3,"RcppML","cv",FALSE,"float",TRUE,0.560000000000002,0.112,13.5180645418431,13.4227636102034
"movielens",32,3,"singlet","standard",FALSE,"double",FALSE,0.0900000000000034,0.0180000000000007,13.6483564785589,NA
"movielens",32,3,"singlet","cv",FALSE,"double",TRUE,0.25,0.05,NA,0.352357462646511
"movielens",64,1,"RcppML","standard",FALSE,"double",FALSE,0.27000000000001,0.054000000000002,13.4422531574998,NA
"movielens",64,1,"RcppML","standard",TRUE,"double",FALSE,0.199999999999989,0.0399999999999977,13.4422531574998,NA
"movielens",64,1,"RcppML","cv",FALSE,"double",TRUE,1.03,0.206,13.4509570225638,13.6225450437565
"movielens",64,1,"RcppML","cv",TRUE,"double",TRUE,0.279999999999987,0.0559999999999974,13.4499457331075,13.6232430320081
"movielens",64,1,"RcppML","cv",FALSE,"float",TRUE,1.06,0.212,13.4509570225638,13.6225450437565
"movielens",64,1,"singlet","standard",FALSE,"double",FALSE,0.240000000000009,0.0480000000000018,13.6465162936266,NA
"movielens",64,1,"singlet","cv",FALSE,"double",TRUE,0.870000000000005,0.174000000000001,NA,0.390894268979465
"movielens",64,2,"RcppML","standard",FALSE,"double",FALSE,0.689999999999998,0.138,13.4414638118246,NA
"movielens",64,2,"RcppML","standard",TRUE,"double",FALSE,0.689999999999998,0.138,13.4414638118246,NA
"movielens",64,2,"RcppML","cv",FALSE,"double",TRUE,1.44000000000001,0.288000000000002,13.4530486795225,13.5319891344638
"movielens",64,2,"RcppML","cv",TRUE,"double",TRUE,0.469999999999999,0.0939999999999998,13.4469215028463,13.5250308270084
"movielens",64,2,"RcppML","cv",FALSE,"float",TRUE,1.11,0.222,13.4530486795225,13.5319891344638
"movielens",64,2,"singlet","standard",FALSE,"double",FALSE,0.22999999999999,0.045999999999998,13.6464530788818,NA
"movielens",64,2,"singlet","cv",FALSE,"double",TRUE,0.890000000000001,0.178,NA,0.378941438212608
"movielens",64,3,"RcppML","standard",FALSE,"double",FALSE,0.300000000000011,0.0600000000000023,13.439614379262,NA
"movielens",64,3,"RcppML","standard",TRUE,"double",FALSE,0.25,0.05,13.439614379262,NA
"movielens",64,3,"RcppML","cv",FALSE,"double",TRUE,1.44999999999999,0.289999999999998,13.4658433564162,13.3705659622217
"movielens",64,3,"RcppML","cv",TRUE,"double",TRUE,0.359999999999999,0.0719999999999999,13.4640562247878,13.3692207762505
"movielens",64,3,"RcppML","cv",FALSE,"float",TRUE,1.16999999999999,0.233999999999997,13.4658433564162,13.3705659622217
"movielens",64,3,"singlet","standard",FALSE,"double",FALSE,0.280000000000001,0.0560000000000002,13.6464726545288,NA
"movielens",64,3,"singlet","cv",FALSE,"double",TRUE,0.810000000000002,0.162,NA,0.38063407420213
"hawaiibirds",2,1,"RcppML","standard",FALSE,"double",FALSE,0,0,0.122179198178907,NA
"hawaiibirds",2,1,"RcppML","standard",TRUE,"double",FALSE,0.0100000000000051,0.00200000000000102,0.122179198178907,NA
"hawaiibirds",2,1,"RcppML","cv",FALSE,"double",TRUE,0.0799999999999983,0.0159999999999997,0.122283051830818,0.120708730870413
"hawaiibirds",2,1,"RcppML","cv",TRUE,"double",TRUE,0.019999999999996,0.0039999999999992,0.12228435913057,0.120711434825652
"hawaiibirds",2,1,"RcppML","cv",FALSE,"float",TRUE,0.0300000000000011,0.00600000000000023,0.122283051830818,0.120708730870413
"hawaiibirds",2,1,"singlet","standard",FALSE,"double",FALSE,0,0,0.12664071924569,NA
"hawaiibirds",2,1,"singlet","cv",FALSE,"double",TRUE,0.0300000000000011,0.00600000000000023,NA,0.0109462059209902
"hawaiibirds",2,2,"RcppML","standard",FALSE,"double",FALSE,0,0,0.122167617304915,NA
"hawaiibirds",2,2,"RcppML","standard",TRUE,"double",FALSE,0,0,0.122167617304915,NA
"hawaiibirds",2,2,"RcppML","cv",FALSE,"double",TRUE,0.0600000000000023,0.0120000000000005,0.122490402535147,0.117432899943013
"hawaiibirds",2,2,"RcppML","cv",TRUE,"double",TRUE,0.00999999999999091,0.00199999999999818,0.12249025741394,0.117430222825122
"hawaiibirds",2,2,"RcppML","cv",FALSE,"float",TRUE,0.0600000000000023,0.0120000000000005,0.122490402535147,0.117432899943013
"hawaiibirds",2,2,"singlet","standard",FALSE,"double",FALSE,0,0,0.126640625351277,NA
"hawaiibirds",2,2,"singlet","cv",FALSE,"double",TRUE,0.0199999999999818,0.00399999999999636,NA,0.011084128413497
"hawaiibirds",2,3,"RcppML","standard",FALSE,"double",FALSE,0,0,0.122192021708486,NA
"hawaiibirds",2,3,"RcppML","standard",TRUE,"double",FALSE,0,0,0.122192021708486,NA
"hawaiibirds",2,3,"RcppML","cv",FALSE,"double",TRUE,0.0300000000000011,0.00600000000000023,0.121942476978962,0.126125886737035
"hawaiibirds",2,3,"RcppML","cv",TRUE,"double",TRUE,0.0300000000000011,0.00600000000000023,0.121943780455732,0.126123470117787
"hawaiibirds",2,3,"RcppML","cv",FALSE,"float",TRUE,0.0400000000000205,0.00800000000000409,0.121942476978962,0.126125886737035
"hawaiibirds",2,3,"singlet","standard",FALSE,"double",FALSE,0.0300000000000011,0.00600000000000023,0.12664068521598,NA
"hawaiibirds",2,3,"singlet","cv",FALSE,"double",TRUE,0.0199999999999818,0.00399999999999636,NA,0.0103757857072079
"hawaiibirds",4,1,"RcppML","standard",FALSE,"double",FALSE,0,0,0.119647953591043,NA
"hawaiibirds",4,1,"RcppML","standard",TRUE,"double",FALSE,0.0199999999999818,0.00399999999999636,0.119647953591043,NA
"hawaiibirds",4,1,"RcppML","cv",FALSE,"double",TRUE,0.0699999999999932,0.0139999999999986,0.119778195627822,0.118152877330345
"hawaiibirds",4,1,"RcppML","cv",TRUE,"double",TRUE,0.00999999999999091,0.00199999999999818,0.119783270418351,0.11814584260418
"hawaiibirds",4,1,"RcppML","cv",FALSE,"float",TRUE,0.0500000000000114,0.0100000000000023,0.119778195627822,0.118152877330345
"hawaiibirds",4,1,"singlet","standard",FALSE,"double",FALSE,0,0,0.126595549334968,NA
"hawaiibirds",4,1,"singlet","cv",FALSE,"double",TRUE,0.0300000000000011,0.00600000000000023,NA,0.00893264195002138
"hawaiibirds",4,2,"RcppML","standard",FALSE,"double",FALSE,0.0200000000000102,0.00400000000000205,0.119180118578847,NA
"hawaiibirds",4,2,"RcppML","standard",TRUE,"double",FALSE,0,0,0.119180118578847,NA
"hawaiibirds",4,2,"RcppML","cv",FALSE,"double",TRUE,0.0499999999999829,0.00999999999999659,0.11945400610236,0.114701793379734
"hawaiibirds",4,2,"RcppML","cv",TRUE,"double",TRUE,0.0300000000000011,0.00600000000000023,0.119443935384739,0.114691898594481
"hawaiibirds",4,2,"RcppML","cv",FALSE,"float",TRUE,0.0699999999999932,0.0139999999999986,0.11945400610236,0.114701793379734
"hawaiibirds",4,2,"singlet","standard",FALSE,"double",FALSE,0,0,0.126597191068983,NA
"hawaiibirds",4,2,"singlet","cv",FALSE,"double",TRUE,0.0200000000000102,0.00400000000000205,NA,0.0112704198320012
"hawaiibirds",4,3,"RcppML","standard",FALSE,"double",FALSE,0.0199999999999818,0.00399999999999636,0.118980966634557,NA
"hawaiibirds",4,3,"RcppML","standard",TRUE,"double",FALSE,0.0199999999999818,0.00399999999999636,0.118980966634557,NA
"hawaiibirds",4,3,"RcppML","cv",FALSE,"double",TRUE,0.0699999999999932,0.0139999999999986,0.118773863754223,0.122678815450655
"hawaiibirds",4,3,"RcppML","cv",TRUE,"double",TRUE,0.0699999999999932,0.0139999999999986,0.118780250026911,0.122676524817439
"hawaiibirds",4,3,"RcppML","cv",FALSE,"float",TRUE,0.0600000000000023,0.0120000000000005,0.118773863754223,0.122678815450655
"hawaiibirds",4,3,"singlet","standard",FALSE,"double",FALSE,0.00999999999999091,0.00199999999999818,0.126598483957471,NA
"hawaiibirds",4,3,"singlet","cv",FALSE,"double",TRUE,0.0800000000000125,0.0160000000000025,NA,0.0110684114602815
"hawaiibirds",8,1,"RcppML","standard",FALSE,"double",FALSE,0.0800000000000125,0.0160000000000025,0.115417440402146,NA
"hawaiibirds",8,1,"RcppML","standard",TRUE,"double",FALSE,0.0100000000000193,0.00200000000000387,0.115417440402146,NA
"hawaiibirds",8,1,"RcppML","cv",FALSE,"double",TRUE,0.0799999999999841,0.0159999999999968,0.115426426231872,0.11377604401093
"hawaiibirds",8,1,"RcppML","cv",TRUE,"double",TRUE,0.0300000000000011,0.00600000000000023,0.115393854883435,0.113719592869132
"hawaiibirds",8,1,"RcppML","cv",FALSE,"float",TRUE,0.0600000000000023,0.0120000000000005,0.115426426231872,0.11377604401093
"hawaiibirds",8,1,"singlet","standard",FALSE,"double",FALSE,0.0100000000000193,0.00200000000000387,0.126509051700205,NA
"hawaiibirds",8,1,"singlet","cv",FALSE,"double",TRUE,0.0199999999999818,0.00399999999999636,NA,0.00907875883245614
"hawaiibirds",8,2,"RcppML","standard",FALSE,"double",FALSE,0.0200000000000102,0.00400000000000205,0.115431358188034,NA
"hawaiibirds",8,2,"RcppML","standard",TRUE,"double",FALSE,0,0,0.115431358188034,NA
"hawaiibirds",8,2,"RcppML","cv",FALSE,"double",TRUE,0.0499999999999829,0.00999999999999659,0.115675389552815,0.111014154448082
"hawaiibirds",8,2,"RcppML","cv",TRUE,"double",TRUE,0.0300000000000011,0.00600000000000023,0.115697291025091,0.111043421923421
"hawaiibirds",8,2,"RcppML","cv",FALSE,"float",TRUE,0.0400000000000205,0.00800000000000409,0.115675389552815,0.111014154448082
"hawaiibirds",8,2,"singlet","standard",FALSE,"double",FALSE,0.00999999999999091,0.00199999999999818,0.126506025400837,NA
"hawaiibirds",8,2,"singlet","cv",FALSE,"double",TRUE,0.0300000000000011,0.00600000000000023,NA,0.00953732731661822
"hawaiibirds",8,3,"RcppML","standard",FALSE,"double",FALSE,0,0,0.115465887058489,NA
"hawaiibirds",8,3,"RcppML","standard",TRUE,"double",FALSE,0.0200000000000102,0.00400000000000205,0.115465887058489,NA
"hawaiibirds",8,3,"RcppML","cv",FALSE,"double",TRUE,0.0400000000000205,0.00800000000000409,0.115242420453321,0.118816158596248
"hawaiibirds",8,3,"RcppML","cv",TRUE,"double",TRUE,0.0300000000000011,0.00600000000000023,0.115256339071728,0.118794434431993
"hawaiibirds",8,3,"RcppML","cv",FALSE,"float",TRUE,0.0300000000000011,0.00600000000000023,0.115242420453321,0.118816158596248
"hawaiibirds",8,3,"singlet","standard",FALSE,"double",FALSE,0.0100000000000193,0.00200000000000387,0.126499374635163,NA
"hawaiibirds",8,3,"singlet","cv",FALSE,"double",TRUE,0.0300000000000011,0.00600000000000023,NA,0.00877523360783261
"hawaiibirds",16,1,"RcppML","standard",FALSE,"double",FALSE,0.0300000000000011,0.00600000000000023,0.109054206233931,NA
"hawaiibirds",16,1,"RcppML","standard",TRUE,"double",FALSE,0.0100000000000193,0.00200000000000387,0.109054206233931,NA
"hawaiibirds",16,1,"RcppML","cv",FALSE,"double",TRUE,0.0699999999999932,0.0139999999999986,0.109350652599081,0.107927333740595
"hawaiibirds",16,1,"RcppML","cv",TRUE,"double",TRUE,0.039999999999992,0.00799999999999841,0.109323269383057,0.107870470471398
"hawaiibirds",16,1,"RcppML","cv",FALSE,"float",TRUE,0.0800000000000125,0.0160000000000025,0.109350652599081,0.107927333740595
"hawaiibirds",16,1,"singlet","standard",FALSE,"double",FALSE,0.0199999999999818,0.00399999999999636,0.126291419242829,NA
"hawaiibirds",16,1,"singlet","cv",FALSE,"double",TRUE,0.0500000000000114,0.0100000000000023,NA,0.00937356101218061
"hawaiibirds",16,2,"RcppML","standard",FALSE,"double",FALSE,0.0300000000000011,0.00600000000000023,0.10868815792346,NA
"hawaiibirds",16,2,"RcppML","standard",TRUE,"double",FALSE,0.0300000000000011,0.00600000000000023,0.10868815792346,NA
"hawaiibirds",16,2,"RcppML","cv",FALSE,"double",TRUE,0.0799999999999841,0.0159999999999968,0.109004357652552,0.104608397991515
"hawaiibirds",16,2,"RcppML","cv",TRUE,"double",TRUE,0.0300000000000011,0.00600000000000023,0.108997273377643,0.104734803961461
"hawaiibirds",16,2,"RcppML","cv",FALSE,"float",TRUE,0.0800000000000125,0.0160000000000025,0.109004357652552,0.104608397991515
"hawaiibirds",16,2,"singlet","standard",FALSE,"double",FALSE,0.0199999999999818,0.00399999999999636,0.12628404277629,NA
"hawaiibirds",16,2,"singlet","cv",FALSE,"double",TRUE,0.0300000000000011,0.00600000000000023,NA,0.00905217720269445
"hawaiibirds",16,3,"RcppML","standard",FALSE,"double",FALSE,0.0300000000000011,0.00600000000000023,0.108908087584647,NA
"hawaiibirds",16,3,"RcppML","standard",TRUE,"double",FALSE,0.0200000000000102,0.00400000000000205,0.108908087584647,NA
"hawaiibirds",16,3,"RcppML","cv",FALSE,"double",TRUE,0.0900000000000034,0.0180000000000007,0.108880983562451,0.111832205191678
"hawaiibirds",16,3,"RcppML","cv",TRUE,"double",TRUE,0.0499999999999829,0.00999999999999659,0.108902406786206,0.111899895811194
"hawaiibirds",16,3,"RcppML","cv",FALSE,"float",TRUE,0.0500000000000114,0.0100000000000023,0.108880983562451,0.111832205191678
"hawaiibirds",16,3,"singlet","standard",FALSE,"double",FALSE,0.0200000000000102,0.00400000000000205,0.126279814016168,NA
"hawaiibirds",16,3,"singlet","cv",FALSE,"double",TRUE,0.0500000000000114,0.0100000000000023,NA,0.00830661960963831
"hawaiibirds",32,1,"RcppML","standard",FALSE,"double",FALSE,0.0999999999999943,0.0199999999999989,0.0997305036164234,NA
"hawaiibirds",32,1,"RcppML","standard",TRUE,"double",FALSE,0.0999999999999943,0.0199999999999989,0.0997305036164234,NA
"hawaiibirds",32,1,"RcppML","cv",FALSE,"double",TRUE,0.199999999999989,0.0399999999999977,0.0995768508642614,0.0982387944260094
"hawaiibirds",32,1,"RcppML","cv",TRUE,"double",TRUE,0.0900000000000034,0.0180000000000007,0.0997309538317791,0.0984472873687356
"hawaiibirds",32,1,"RcppML","cv",FALSE,"float",TRUE,0.109999999999985,0.021999999999997,0.0995768508642614,0.0982387944260094
"hawaiibirds",32,1,"singlet","standard",FALSE,"double",FALSE,0.0500000000000114,0.0100000000000023,0.125881832774404,NA
"hawaiibirds",32,1,"singlet","cv",FALSE,"double",TRUE,0.0999999999999943,0.0199999999999989,NA,0.00960895951062317
"hawaiibirds",32,2,"RcppML","standard",FALSE,"double",FALSE,0.0700000000000216,0.0140000000000043,0.0997426424969439,NA
"hawaiibirds",32,2,"RcppML","standard",TRUE,"double",FALSE,0.0800000000000125,0.0160000000000025,0.0997426424969439,NA
"hawaiibirds",32,2,"RcppML","cv",FALSE,"double",TRUE,0.0900000000000034,0.0180000000000007,0.10010564903183,0.0962989129897074
"hawaiibirds",32,2,"RcppML","cv",TRUE,"double",TRUE,0.0800000000000125,0.0160000000000025,0.100089307591915,0.0961983232128158
"hawaiibirds",32,2,"RcppML","cv",FALSE,"float",TRUE,0.109999999999985,0.021999999999997,0.10010564903183,0.0962989129897074
"hawaiibirds",32,2,"singlet","standard",FALSE,"double",FALSE,0.0300000000000011,0.00600000000000023,0.12586306029354,NA
"hawaiibirds",32,2,"singlet","cv",FALSE,"double",TRUE,0.0800000000000125,0.0160000000000025,NA,0.00883580912514871
"hawaiibirds",32,3,"RcppML","standard",FALSE,"double",FALSE,0.0999999999999943,0.0199999999999989,0.0993060074013609,NA
"hawaiibirds",32,3,"RcppML","standard",TRUE,"double",FALSE,0.0900000000000034,0.0180000000000007,0.0993060074013609,NA
"hawaiibirds",32,3,"RcppML","cv",FALSE,"double",TRUE,0.259999999999991,0.0519999999999982,0.099280570054913,0.102372653192277
"hawaiibirds",32,3,"RcppML","cv",TRUE,"double",TRUE,0.530000000000001,0.106,0.0993559043365119,0.102495355201491
"hawaiibirds",32,3,"RcppML","cv",FALSE,"float",TRUE,0.219999999999999,0.0439999999999998,0.099280570054913,0.102372653192277
"hawaiibirds",32,3,"singlet","standard",FALSE,"double",FALSE,0.0600000000000023,0.0120000000000005,0.125848325620765,NA
"hawaiibirds",64,1,"RcppML","standard",FALSE,"double",FALSE,0.189999999999998,0.0379999999999995,0.087279363694095,NA
"hawaiibirds",64,1,"RcppML","standard",TRUE,"double",FALSE,0.199999999999989,0.0399999999999977,0.0872793636937118,NA
"hawaiibirds",64,1,"RcppML","cv",FALSE,"double",TRUE,0.230000000000018,0.0460000000000036,0.0871420272848322,0.0861059620996048
"hawaiibirds",64,1,"RcppML","cv",TRUE,"double",TRUE,0.280000000000001,0.0560000000000002,0.0870489533363156,0.0860552290933444
"hawaiibirds",64,1,"RcppML","cv",FALSE,"float",TRUE,0.310000000000002,0.0620000000000005,0.0871420272848322,0.0861059620996048
"hawaiibirds",64,1,"singlet","standard",FALSE,"double",FALSE,0.280000000000001,0.0560000000000002,0.125018333040182,NA
"hawaiibirds",64,2,"RcppML","standard",FALSE,"double",FALSE,0.22999999999999,0.045999999999998,0.086602435728914,NA
"hawaiibirds",64,2,"RcppML","standard",TRUE,"double",FALSE,0.159999999999997,0.0319999999999993,0.086602435728914,NA
"hawaiibirds",64,2,"RcppML","cv",FALSE,"double",TRUE,0.219999999999999,0.0439999999999998,0.0874467266079068,0.0842497473952365
"hawaiibirds",64,2,"RcppML","cv",TRUE,"double",TRUE,0.109999999999985,0.021999999999997,0.0870356273139523,0.083575501046071
"hawaiibirds",64,2,"RcppML","cv",FALSE,"float",TRUE,0.169999999999987,0.0339999999999975,0.0874467266079068,0.0842497473952365
"hawaiibirds",64,2,"singlet","standard",FALSE,"double",FALSE,0.129999999999995,0.0259999999999991,0.125018781339944,NA
"hawaiibirds",64,3,"RcppML","standard",FALSE,"double",FALSE,0.179999999999978,0.0359999999999957,0.0873139834777954,NA
"hawaiibirds",64,3,"RcppML","standard",TRUE,"double",FALSE,0.170000000000016,0.0340000000000032,0.0873139834772614,NA
"hawaiibirds",64,3,"RcppML","cv",FALSE,"double",TRUE,0.299999999999983,0.0599999999999966,0.087518487586084,0.0892796484056653
"hawaiibirds",64,3,"RcppML","cv",TRUE,"double",TRUE,0.239999999999981,0.0479999999999961,0.0876288404197232,0.0893810106821334
"hawaiibirds",64,3,"RcppML","cv",FALSE,"float",TRUE,0.360000000000014,0.0720000000000027,0.087518487586084,0.0892796484056653
"hawaiibirds",64,3,"singlet","standard",FALSE,"double",FALSE,0.110000000000014,0.0220000000000027,0.125030767761609,NA
"aml",2,1,"RcppML","standard",FALSE,"double",FALSE,0.0700000000000003,0.0140000000000001,0.425467288340531,NA
"aml",2,1,"RcppML","standard",TRUE,"double",FALSE,0.029999999999994,0.00599999999999881,0.425467288340531,NA
"aml",2,1,"RcppML","cv",FALSE,"double",TRUE,0.0200000000000031,0.00400000000000063,0.424946271219248,0.433273185680583
"aml",2,1,"RcppML","cv",TRUE,"double",TRUE,0.0300000000000011,0.00600000000000023,0.424947673213173,0.433274627733353
"aml",2,1,"RcppML","cv",FALSE,"float",TRUE,0.0500000000000043,0.0100000000000009,0.424946271219248,0.433273185680583
"aml",2,1,"singlet","standard",FALSE,"double",FALSE,0.0300000000000011,0.00600000000000023,0.43169670911032,NA
"aml",2,2,"RcppML","standard",FALSE,"double",FALSE,0.00999999999999801,0.0019999999999996,0.425964684456213,NA
"aml",2,2,"RcppML","standard",TRUE,"double",FALSE,0,0,0.425964684456213,NA
"aml",2,2,"RcppML","cv",FALSE,"double",TRUE,0.0499999999999972,0.00999999999999943,0.4257821912624,0.428161192201813
"aml",2,2,"RcppML","cv",TRUE,"double",TRUE,0.0300000000000011,0.00600000000000023,0.425781134214616,0.428160424020011
"aml",2,2,"RcppML","cv",FALSE,"float",TRUE,0.0500000000000043,0.0100000000000009,0.4257821912624,0.428161192201813
"aml",2,2,"singlet","standard",FALSE,"double",FALSE,0.0200000000000031,0.00400000000000063,0.431695263969678,NA
"aml",2,3,"RcppML","standard",FALSE,"double",FALSE,0.0200000000000031,0.00400000000000063,0.426020856532846,NA
"aml",2,3,"RcppML","standard",TRUE,"double",FALSE,0.00999999999999801,0.0019999999999996,0.426020856532846,NA
"aml",2,3,"RcppML","cv",FALSE,"double",TRUE,0.0600000000000023,0.0120000000000005,0.426123447666465,0.423613898443833
"aml",2,3,"RcppML","cv",TRUE,"double",TRUE,0.0599999999999952,0.011999999999999,0.426122202827599,0.423612948909227
"aml",2,3,"RcppML","cv",FALSE,"float",TRUE,0.0600000000000023,0.0120000000000005,0.426123447666465,0.423613898443833
"aml",2,3,"singlet","standard",FALSE,"double",FALSE,0.00999999999999801,0.0019999999999996,0.431696527898321,NA
"aml",4,1,"RcppML","standard",FALSE,"double",FALSE,0.0300000000000011,0.00600000000000023,0.422280978503569,NA
"aml",4,1,"RcppML","standard",TRUE,"double",FALSE,0.00999999999999801,0.0019999999999996,0.422280978503569,NA
"aml",4,1,"RcppML","cv",FALSE,"double",TRUE,0.0700000000000003,0.0140000000000001,0.421456654260195,0.429742558108252
"aml",4,1,"RcppML","cv",TRUE,"double",TRUE,0.0399999999999991,0.00799999999999983,0.42144043098174,0.429724950922522
"aml",4,1,"RcppML","cv",FALSE,"float",TRUE,0.0399999999999991,0.00799999999999983,0.421456654260195,0.429742558108252
"aml",4,1,"singlet","standard",FALSE,"double",FALSE,0.00999999999999801,0.0019999999999996,0.431670096507949,NA
"aml",4,2,"RcppML","standard",FALSE,"double",FALSE,0.0200000000000031,0.00400000000000063,0.421768537931281,NA
"aml",4,2,"RcppML","standard",TRUE,"double",FALSE,0.00999999999999801,0.0019999999999996,0.421768537931281,NA
"aml",4,2,"RcppML","cv",FALSE,"double",TRUE,0.0500000000000043,0.0100000000000009,0.421391209899261,0.423793144571633
"aml",4,2,"RcppML","cv",TRUE,"double",TRUE,0.0700000000000074,0.0140000000000015,0.421362228447769,0.423764394994597
"aml",4,2,"RcppML","cv",FALSE,"float",TRUE,0.0600000000000023,0.0120000000000005,0.421391209899261,0.423793144571633
"aml",4,2,"singlet","standard",FALSE,"double",FALSE,0.0299999999999869,0.00599999999999739,0.431668330483504,NA
"aml",4,3,"RcppML","standard",FALSE,"double",FALSE,0.019999999999996,0.0039999999999992,0.422241498830322,NA
"aml",4,3,"RcppML","standard",TRUE,"double",FALSE,0.0200000000000102,0.00400000000000205,0.422241498830322,NA
"aml",4,3,"RcppML","cv",FALSE,"double",TRUE,0.0799999999999983,0.0159999999999997,0.422055708967558,0.419622223922049
"aml",4,3,"RcppML","cv",TRUE,"double",TRUE,0.0799999999999983,0.0159999999999997,0.422062802721489,0.419630342518551
"aml",4,3,"RcppML","cv",FALSE,"float",TRUE,0.0799999999999983,0.0159999999999997,0.422055708967558,0.419622223922049
"aml",4,3,"singlet","standard",FALSE,"double",FALSE,0.0299999999999869,0.00599999999999739,0.431670248391314,NA
"aml",8,1,"RcppML","standard",FALSE,"double",FALSE,0.0499999999999972,0.00999999999999943,0.415021376686231,NA
"aml",8,1,"RcppML","standard",TRUE,"double",FALSE,0.0499999999999972,0.00999999999999943,0.415021376686231,NA
"aml",8,1,"RcppML","cv",FALSE,"double",TRUE,0.0899999999999892,0.0179999999999978,0.414865366787562,0.423085939382276
"aml",8,1,"RcppML","cv",TRUE,"double",TRUE,0.0999999999999943,0.0199999999999989,0.414775098579133,0.422994045237296
"aml",8,1,"RcppML","cv",FALSE,"float",TRUE,0.109999999999999,0.0219999999999999,0.414865366787562,0.423085939382276
"aml",8,1,"singlet","standard",FALSE,"double",FALSE,0.0499999999999972,0.00999999999999943,0.431617152126458,NA
"aml",8,2,"RcppML","standard",FALSE,"double",FALSE,0.0400000000000063,0.00800000000000125,0.414287500126991,NA
"aml",8,2,"RcppML","standard",TRUE,"double",FALSE,0.0300000000000011,0.00600000000000023,0.414287500126991,NA
"aml",8,2,"RcppML","cv",FALSE,"double",TRUE,0.0699999999999932,0.0139999999999986,0.414222874995081,0.416462936995974
"aml",8,2,"RcppML","cv",TRUE,"double",TRUE,0.0900000000000034,0.0180000000000007,0.41424109763827,0.41647640523099
"aml",8,2,"RcppML","cv",FALSE,"float",TRUE,0.0799999999999983,0.0159999999999997,0.414222874995081,0.416462936995974
"aml",8,2,"singlet","standard",FALSE,"double",FALSE,0.0499999999999972,0.00999999999999943,0.431616847327149,NA
"aml",8,3,"RcppML","standard",FALSE,"double",FALSE,0.0300000000000011,0.00600000000000023,0.415447490221405,NA
"aml",8,3,"RcppML","standard",TRUE,"double",FALSE,0.0499999999999972,0.00999999999999943,0.415447490221405,NA
"aml",8,3,"RcppML","cv",FALSE,"double",TRUE,0.220000000000013,0.0440000000000026,0.414946390920006,0.412557738300167
"aml",8,3,"RcppML","cv",TRUE,"double",TRUE,0.110000000000014,0.0220000000000027,0.414960811822795,0.412571363770989
"aml",8,3,"RcppML","cv",FALSE,"float",TRUE,0.109999999999999,0.0219999999999999,0.414946390920006,0.412557738300167
"aml",8,3,"singlet","standard",FALSE,"double",FALSE,0.0300000000000011,0.00600000000000023,0.43161639753191,NA
"aml",16,1,"RcppML","standard",FALSE,"double",FALSE,0.0599999999999881,0.0119999999999976,0.405168987749292,NA
"aml",16,1,"RcppML","standard",TRUE,"double",FALSE,0.0699999999999932,0.0139999999999986,0.405168987749292,NA
"aml",16,1,"RcppML","cv",FALSE,"double",TRUE,0.109999999999999,0.0219999999999999,0.402430667803177,0.41018880451446
"aml",16,1,"RcppML","cv",TRUE,"double",TRUE,0.0900000000000034,0.0180000000000007,0.402303531129072,0.410045128030666
"aml",16,1,"RcppML","cv",FALSE,"float",TRUE,0.0600000000000023,0.0120000000000005,0.402430667803177,0.41018880451446
"aml",16,1,"singlet","standard",FALSE,"double",FALSE,0.0499999999999972,0.00999999999999943,0.431511346475745,NA
"aml",16,2,"RcppML","standard",FALSE,"double",FALSE,0.0499999999999972,0.00999999999999943,0.407589282864865,NA
"aml",16,2,"RcppML","standard",TRUE,"double",FALSE,0.0500000000000114,0.0100000000000023,0.407589282864865,NA
"aml",16,2,"RcppML","cv",FALSE,"double",TRUE,0.0599999999999881,0.0119999999999976,0.408101637910238,0.410183177695042
"aml",16,2,"RcppML","cv",TRUE,"double",TRUE,0.0899999999999892,0.0179999999999978,0.408095159980893,0.410176202894908
"aml",16,2,"RcppML","cv",FALSE,"float",TRUE,0.0900000000000034,0.0180000000000007,0.408101637910238,0.410183177695042
"aml",16,2,"singlet","standard",FALSE,"double",FALSE,0.0899999999999892,0.0179999999999978,0.431510956976356,NA
"aml",16,3,"RcppML","standard",FALSE,"double",FALSE,0.0600000000000023,0.0120000000000005,0.407520666799945,NA
"aml",16,3,"RcppML","standard",TRUE,"double",FALSE,0.0700000000000074,0.0140000000000015,0.407520666799945,NA
"aml",16,3,"RcppML","cv",FALSE,"double",TRUE,0.13000000000001,0.0260000000000019,0.408157187671098,0.406079314033482
"aml",16,3,"RcppML","cv",TRUE,"double",TRUE,0.0900000000000034,0.0180000000000007,0.408232634909832,0.406163853029837
"aml",16,3,"RcppML","cv",FALSE,"float",TRUE,0.0999999999999943,0.0199999999999989,0.408157187671098,0.406079314033482
"aml",16,3,"singlet","standard",FALSE,"double",FALSE,0.0799999999999983,0.0159999999999997,0.431509065914067,NA
"aml",32,1,"RcppML","standard",FALSE,"double",FALSE,0.170000000000002,0.0340000000000003,0.397025598947383,NA
"aml",32,1,"RcppML","standard",TRUE,"double",FALSE,0.150000000000006,0.0300000000000011,0.397025598947383,NA
"aml",32,1,"RcppML","cv",FALSE,"double",TRUE,0.239999999999995,0.047999999999999,0.392821129073197,0.400345581495386
"aml",32,1,"RcppML","cv",TRUE,"double",TRUE,0.25,0.05,0.392685170957312,0.400198185494257
"aml",32,1,"RcppML","cv",FALSE,"float",TRUE,0.25,0.05,0.392821129073197,0.400345581495386
"aml",32,1,"singlet","standard",FALSE,"double",FALSE,0.189999999999998,0.0379999999999995,0.431294171565599,NA
"aml",32,2,"RcppML","standard",FALSE,"double",FALSE,0.180000000000007,0.0360000000000014,0.397901281681376,NA
"aml",32,2,"RcppML","standard",TRUE,"double",FALSE,0.159999999999997,0.0319999999999993,0.397901281681376,NA
"aml",32,2,"RcppML","cv",FALSE,"double",TRUE,0.219999999999999,0.0439999999999998,0.396259272804078,0.398520461945502
"aml",32,2,"RcppML","cv",TRUE,"double",TRUE,0.170000000000016,0.0340000000000032,0.396134596128035,0.398404860914163
"aml",32,2,"RcppML","cv",FALSE,"float",TRUE,0.230000000000018,0.0460000000000036,0.396259272804078,0.398520461945502
"aml",32,2,"singlet","standard",FALSE,"double",FALSE,0.189999999999998,0.0379999999999995,0.431295773825806,NA
"aml",32,3,"RcppML","standard",FALSE,"double",FALSE,0.150000000000006,0.0300000000000011,0.395010438424573,NA
"aml",32,3,"RcppML","standard",TRUE,"double",FALSE,0.150000000000006,0.0300000000000011,0.395010438424573,NA
"aml",32,3,"RcppML","cv",FALSE,"double",TRUE,0.239999999999981,0.0479999999999961,0.397545834668633,0.395648044568701
"aml",32,3,"RcppML","cv",TRUE,"double",TRUE,0.189999999999998,0.0379999999999995,0.397572251007793,0.395664420634299
"aml",32,3,"RcppML","cv",FALSE,"float",TRUE,0.200000000000017,0.0400000000000034,0.397545834668633,0.395648044568701
"aml",32,3,"singlet","standard",FALSE,"double",FALSE,0.22999999999999,0.045999999999998,0.43129208805237,NA
"aml",64,1,"RcppML","standard",FALSE,"double",FALSE,0.25,0.05,0.385464915839274,NA
"aml",64,1,"RcppML","standard",TRUE,"double",FALSE,0.580000000000013,0.116000000000003,0.385464915839274,NA
"aml",64,1,"RcppML","cv",FALSE,"double",TRUE,0.360000000000014,0.0720000000000027,0.385049607908767,0.392880556273181
"aml",64,1,"RcppML","cv",TRUE,"double",TRUE,0.170000000000016,0.0340000000000032,0.384918305709459,0.392753366455329
"aml",64,1,"RcppML","cv",FALSE,"float",TRUE,0.159999999999997,0.0319999999999993,0.385049607908767,0.392880556273181
"aml",64,1,"singlet","standard",FALSE,"double",FALSE,0.310000000000002,0.0620000000000005,0.430855772950469,NA
"aml",64,2,"RcppML","standard",FALSE,"double",FALSE,0.170000000000016,0.0340000000000032,0.387364129657036,NA
"aml",64,2,"RcppML","standard",TRUE,"double",FALSE,0.140000000000015,0.028000000000003,0.387364129657036,NA
"aml",64,2,"RcppML","cv",FALSE,"double",TRUE,0.179999999999978,0.0359999999999957,0.382889320783972,0.384911980953579
"aml",64,2,"RcppML","cv",TRUE,"double",TRUE,0.169999999999987,0.0339999999999975,0.382795958962908,0.38486817969105
"aml",64,2,"RcppML","cv",FALSE,"float",TRUE,0.139999999999986,0.0279999999999973,0.382889320783972,0.384911980953579
"aml",64,2,"singlet","standard",FALSE,"double",FALSE,0.280000000000001,0.0560000000000002,0.430854876137136,NA
"aml",64,3,"RcppML","standard",FALSE,"double",FALSE,0.140000000000015,0.028000000000003,0.386332871031016,NA
"aml",64,3,"RcppML","standard",TRUE,"double",FALSE,0.189999999999998,0.0379999999999995,0.386332871031015,NA
"aml",64,3,"RcppML","cv",FALSE,"double",TRUE,0.219999999999999,0.0439999999999998,0.392244930713202,0.390489305420565
"aml",64,3,"RcppML","cv",TRUE,"double",TRUE,0.189999999999998,0.0379999999999995,0.392660999734928,0.391068747753271
"aml",64,3,"RcppML","cv",FALSE,"float",TRUE,0.159999999999997,0.0319999999999993,0.392244930713202,0.390489305420565
"aml",64,3,"singlet","standard",FALSE,"double",FALSE,0.310000000000002,0.0620000000000005,0.430864147135992,NA
"pbmc3k",2,1,"RcppML","standard",FALSE,"double",FALSE,0.0800000000000125,0.0160000000000025,49.5799943579979,NA
"pbmc3k",2,1,"RcppML","standard",TRUE,"double",FALSE,0.0800000000000125,0.0160000000000025,49.5799943579979,NA
"pbmc3k",2,1,"RcppML","cv",FALSE,"double",TRUE,7.41999999999999,1.484,49.5452302299116,50.1027905734869
"pbmc3k",2,1,"RcppML","cv",TRUE,"double",TRUE,2.31,0.462,49.5452332041692,50.102793027728
"pbmc3k",2,1,"RcppML","cv",FALSE,"float",TRUE,7.75,1.55,49.5452302299116,50.1027905734869
"pbmc3k",2,1,"singlet","standard",FALSE,"double",FALSE,0.170000000000016,0.0340000000000032,49.5922575196843,NA
"pbmc3k",2,2,"RcppML","standard",FALSE,"double",FALSE,0.260000000000019,0.0520000000000039,49.5799693526301,NA
"pbmc3k",2,2,"RcppML","standard",TRUE,"double",FALSE,0.610000000000014,0.122000000000003,49.5799693526301,NA
"pbmc3k",2,2,"RcppML","cv",FALSE,"double",TRUE,12.54,2.508,49.6936641626907,47.8785863858432
"pbmc3k",2,2,"RcppML","cv",TRUE,"double",TRUE,3.64000000000001,0.728000000000003,49.6936685879869,47.8785913617964
"pbmc3k",2,2,"RcppML","cv",FALSE,"float",TRUE,14.09,2.818,49.6936641626907,47.8785863858432
"pbmc3k",2,2,"singlet","standard",FALSE,"double",FALSE,0.28000000000003,0.0560000000000059,49.5922568160086,NA
"pbmc3k",2,3,"RcppML","standard",FALSE,"double",FALSE,0.20999999999998,0.0419999999999959,49.5803370990528,NA
"pbmc3k",2,3,"RcppML","standard",TRUE,"double",FALSE,0.140000000000043,0.0280000000000086,49.5803370990528,NA
"pbmc3k",2,3,"RcppML","cv",FALSE,"double",TRUE,14.47,2.89400000000001,49.4408828934938,51.6602041095272
"pbmc3k",2,3,"RcppML","cv",TRUE,"double",TRUE,3.31,0.662,49.4408849086875,51.6602058576795
"pbmc3k",2,3,"RcppML","cv",FALSE,"float",TRUE,10.29,2.058,49.4408828934938,51.6602041095272
"pbmc3k",2,3,"singlet","standard",FALSE,"double",FALSE,0.220000000000027,0.0440000000000055,49.5922569913402,NA
"pbmc3k",4,1,"RcppML","standard",FALSE,"double",FALSE,0.20999999999998,0.0419999999999959,49.5713044387727,NA
"pbmc3k",4,1,"RcppML","standard",TRUE,"double",FALSE,0.189999999999998,0.0379999999999995,49.5713044387727,NA
"pbmc3k",4,1,"RcppML","cv",FALSE,"double",TRUE,7.5,1.5,49.5366450247368,50.0941279653971
"pbmc3k",4,1,"RcppML","cv",TRUE,"double",TRUE,2.10000000000002,0.420000000000005,49.536646815526,50.0941297045646
"pbmc3k",4,1,"RcppML","cv",FALSE,"float",TRUE,6.65999999999997,1.33199999999999,49.5366450247368,50.0941279653971
"pbmc3k",4,1,"singlet","standard",FALSE,"double",FALSE,0.25,0.05,49.5922265399562,NA
"pbmc3k",4,2,"RcppML","standard",FALSE,"double",FALSE,0.229999999999961,0.0459999999999923,49.5724120847473,NA
"pbmc3k",4,2,"RcppML","standard",TRUE,"double",FALSE,0.199999999999989,0.0399999999999977,49.5724120847473,NA
"pbmc3k",4,2,"RcppML","cv",FALSE,"double",TRUE,7.17000000000002,1.434,49.6859671555602,47.8713847819383
"pbmc3k",4,2,"RcppML","cv",TRUE,"double",TRUE,1.91999999999996,0.383999999999992,49.6859593411418,47.8713809086587
"pbmc3k",4,2,"RcppML","cv",FALSE,"float",TRUE,6.38,1.276,49.6859671555602,47.8713847819383
"pbmc3k",4,2,"singlet","standard",FALSE,"double",FALSE,0.140000000000043,0.0280000000000086,49.5922320882162,NA
"pbmc3k",4,3,"RcppML","standard",FALSE,"double",FALSE,0.0900000000000318,0.0180000000000064,49.5727733013032,NA
"pbmc3k",4,3,"RcppML","standard",TRUE,"double",FALSE,0.0600000000000023,0.0120000000000005,49.5727733013032,NA
"pbmc3k",4,3,"RcppML","cv",FALSE,"double",TRUE,6.64000000000004,1.32800000000001,49.4333895062448,51.6523735754268
"pbmc3k",4,3,"RcppML","cv",TRUE,"double",TRUE,2.08999999999997,0.417999999999995,49.4334064521728,51.6523997836704
"pbmc3k",4,3,"RcppML","cv",FALSE,"float",TRUE,7.5,1.5,49.4333895062448,51.6523735754268
"pbmc3k",4,3,"singlet","standard",FALSE,"double",FALSE,0.160000000000025,0.032000000000005,49.5922288459477,NA
"pbmc3k",8,1,"RcppML","standard",FALSE,"double",FALSE,0.170000000000016,0.0340000000000032,49.5594881874893,NA
"pbmc3k",8,1,"RcppML","standard",TRUE,"double",FALSE,0.189999999999998,0.0379999999999995,49.5594881874893,NA
"pbmc3k",8,1,"RcppML","cv",FALSE,"double",TRUE,8.49000000000001,1.698,49.5240214680428,50.0811948278985
"pbmc3k",8,1,"RcppML","cv",TRUE,"double",TRUE,2.14000000000004,0.428000000000009,49.5240847019259,50.0812690811295
"pbmc3k",8,1,"RcppML","cv",FALSE,"float",TRUE,6.92000000000002,1.384,49.5240214680428,50.0811948278985
"pbmc3k",8,1,"singlet","standard",FALSE,"double",FALSE,0.220000000000027,0.0440000000000055,49.5921697941503,NA
"pbmc3k",8,2,"RcppML","standard",FALSE,"double",FALSE,0.150000000000034,0.0300000000000068,49.5605244032791,NA
"pbmc3k",8,2,"RcppML","standard",TRUE,"double",FALSE,0.140000000000043,0.0280000000000086,49.5605244032791,NA
"pbmc3k",8,2,"RcppML","cv",FALSE,"double",TRUE,7,1.4,49.6742588870962,47.8602955430536
"pbmc3k",8,2,"RcppML","cv",TRUE,"double",TRUE,2.33999999999997,0.467999999999995,49.6743459975251,47.8604080159836
"pbmc3k",8,2,"RcppML","cv",FALSE,"float",TRUE,7.17000000000002,1.434,49.6742588870962,47.8602955430536
"pbmc3k",8,2,"singlet","standard",FALSE,"double",FALSE,0.410000000000025,0.082000000000005,49.5921736475718,NA
"pbmc3k",8,3,"RcppML","standard",FALSE,"double",FALSE,0.160000000000025,0.032000000000005,49.5593752009853,NA
"pbmc3k",8,3,"RcppML","standard",TRUE,"double",FALSE,0.120000000000005,0.0240000000000009,49.5593752009853,NA
"pbmc3k",8,3,"RcppML","cv",FALSE,"double",TRUE,8.25,1.65,49.4199152291949,51.6382747036311
"pbmc3k",8,3,"RcppML","cv",TRUE,"double",TRUE,2.09999999999997,0.419999999999993,49.4199121684489,51.6382857435518
"pbmc3k",8,3,"RcppML","cv",FALSE,"float",TRUE,8,1.6,49.4199152291949,51.6382747036311
"pbmc3k",8,3,"singlet","standard",FALSE,"double",FALSE,0.199999999999989,0.0399999999999977,49.5921796680838,NA
"pbmc3k",16,1,"RcppML","standard",FALSE,"double",FALSE,0.240000000000009,0.0480000000000018,49.5402936448873,NA
"pbmc3k",16,1,"RcppML","standard",TRUE,"double",FALSE,0.260000000000048,0.0520000000000096,49.5402936448873,NA
"pbmc3k",16,1,"RcppML","cv",FALSE,"double",TRUE,11,2.2,49.5057433012458,50.0630881217935
"pbmc3k",16,1,"RcppML","cv",TRUE,"double",TRUE,2.61000000000001,0.522000000000003,49.5057232979124,50.0630089939115
"pbmc3k",16,1,"RcppML","cv",FALSE,"float",TRUE,7.8900000000001,1.57800000000002,49.5057433012458,50.0630881217935
"pbmc3k",16,1,"singlet","standard",FALSE,"double",FALSE,0.379999999999995,0.0759999999999991,49.5920705527288,NA
"pbmc3k",16,2,"RcppML","standard",FALSE,"double",FALSE,0.269999999999982,0.0539999999999964,49.5403440609969,NA
"pbmc3k",16,2,"RcppML","standard",TRUE,"double",FALSE,0.269999999999982,0.0539999999999964,49.5403440609969,NA
"pbmc3k",16,2,"RcppML","cv",FALSE,"double",TRUE,10.13,2.026,49.6541582540368,47.8419645302698
"pbmc3k",16,2,"RcppML","cv",TRUE,"double",TRUE,2.48000000000002,0.496000000000004,49.6544115758086,47.8422258686096
"pbmc3k",16,2,"RcppML","cv",FALSE,"float",TRUE,8.94000000000005,1.78800000000001,49.6541582540368,47.8419645302698
"pbmc3k",16,2,"singlet","standard",FALSE,"double",FALSE,0.349999999999909,0.0699999999999818,49.5920623768449,NA
"pbmc3k",16,3,"RcppML","standard",FALSE,"double",FALSE,0.25,0.05,49.5403421049129,NA
"pbmc3k",16,3,"RcppML","standard",TRUE,"double",FALSE,0.220000000000027,0.0440000000000055,49.5403421049129,NA
"pbmc3k",16,3,"RcppML","cv",FALSE,"double",TRUE,8.06000000000006,1.61200000000001,49.4008643456552,51.6175705851941
"pbmc3k",16,3,"RcppML","cv",TRUE,"double",TRUE,3.20000000000005,0.640000000000009,49.4010573389035,51.617668007137
"pbmc3k",16,3,"RcppML","cv",FALSE,"float",TRUE,8.14999999999998,1.63,49.4008643456552,51.6175705851941
"pbmc3k",16,3,"singlet","standard",FALSE,"double",FALSE,0.949999999999932,0.189999999999986,49.5920747840393,NA
"pbmc3k",32,1,"RcppML","standard",FALSE,"double",FALSE,1.24000000000001,0.248000000000002,49.5061465816102,NA
"pbmc3k",32,1,"RcppML","standard",TRUE,"double",FALSE,0.980000000000018,0.196000000000004,49.5061465816102,NA
"pbmc3k",32,1,"RcppML","cv",FALSE,"double",TRUE,12.04,2.40799999999999,49.470812867266,50.0264664681807
"pbmc3k",32,1,"RcppML","cv",TRUE,"double",TRUE,3.30999999999995,0.661999999999989,49.4713002099683,50.0269013213143
"pbmc3k",32,1,"RcppML","cv",FALSE,"float",TRUE,15.6900000000001,3.13800000000001,49.470812867266,50.0264664681807
"pbmc3k",32,1,"singlet","standard",FALSE,"double",FALSE,0.810000000000059,0.162000000000012,49.5918459339631,NA
"pbmc3k",32,2,"RcppML","standard",FALSE,"double",FALSE,1.0200000000001,0.204000000000019,49.5068080604121,NA
"pbmc3k",32,2,"RcppML","standard",TRUE,"double",FALSE,1.15999999999997,0.231999999999994,49.5068080604143,NA
"pbmc3k",32,2,"RcppML","cv",FALSE,"double",TRUE,12.0700000000001,2.41400000000001,49.6211105373675,47.8109095796736
"pbmc3k",32,2,"RcppML","cv",TRUE,"double",TRUE,5.63999999999999,1.128,49.6212082992564,47.8109689487793
"pbmc3k",32,2,"RcppML","cv",FALSE,"float",TRUE,29.84,5.96800000000001,49.6211105373675,47.8109095796736
"pbmc3k",32,2,"singlet","standard",FALSE,"double",FALSE,1.44999999999993,0.289999999999986,49.5918616358992,NA
"pbmc3k",32,3,"RcppML","standard",FALSE,"double",FALSE,11.88,2.376,49.5065099863099,NA
"pbmc3k",32,3,"RcppML","standard",TRUE,"double",FALSE,3.61000000000001,0.722000000000003,49.5065099863099,NA
"pbmc3k",32,3,"RcppML","cv",FALSE,"double",TRUE,11.9299999999999,2.38599999999999,49.3670594780968,51.5815804328444
"pbmc3k",32,3,"RcppML","cv",TRUE,"double",TRUE,6.65999999999997,1.33199999999999,49.3669981834898,51.581720244487
"pbmc3k",32,3,"RcppML","cv",FALSE,"float",TRUE,10.02,2.004,49.3670594780968,51.5815804328444
"pbmc3k",32,3,"singlet","standard",FALSE,"double",FALSE,0.449999999999932,0.0899999999999864,49.5918585062978,NA
"pbmc3k",64,1,"RcppML","standard",FALSE,"double",FALSE,8.37,1.674,49.4694779903516,NA
"pbmc3k",64,1,"RcppML","standard",TRUE,"double",FALSE,4.77999999999997,0.955999999999995,49.4694779903516,NA
"pbmc3k",64,1,"RcppML","cv",FALSE,"double",TRUE,14.12,2.824,49.4331927988692,49.9888364152665
"pbmc3k",64,1,"RcppML","cv",TRUE,"double",TRUE,4.66999999999996,0.933999999999992,49.4335201842119,49.9894596840217
"pbmc3k",64,1,"RcppML","cv",FALSE,"float",TRUE,13.1400000000001,2.62800000000002,49.4331927988692,49.9888364152665
"pbmc3k",64,1,"singlet","standard",FALSE,"double",FALSE,1.53999999999996,0.307999999999993,49.5914966097841,NA
"pbmc3k",64,2,"RcppML","standard",FALSE,"double",FALSE,6.52999999999997,1.30599999999999,49.471660491258,NA
"pbmc3k",64,2,"RcppML","standard",TRUE,"double",FALSE,4.10000000000002,0.820000000000005,49.471660491258,NA
"pbmc3k",64,2,"RcppML","cv",FALSE,"double",TRUE,12.26,2.452,49.5857042242231,47.7771097519695
"pbmc3k",64,2,"RcppML","cv",TRUE,"double",TRUE,3.5,0.7,49.5845189900623,47.7759906525856
"pbmc3k",64,2,"RcppML","cv",FALSE,"float",TRUE,18.25,3.65,49.5857042242231,47.7771097519695
"pbmc3k",64,2,"singlet","standard",FALSE,"double",FALSE,1.3900000000001,0.27800000000002,49.5914965829227,NA
"pbmc3k",64,3,"RcppML","standard",FALSE,"double",FALSE,1.58000000000004,0.316000000000008,49.4685727073554,NA
"pbmc3k",64,3,"RcppML","standard",TRUE,"double",FALSE,2.08999999999992,0.417999999999984,49.4685727073554,NA
"pbmc3k",64,3,"RcppML","cv",FALSE,"double",TRUE,36.8300000000002,7.36600000000003,49.3324182483854,51.5466239988304
"pbmc3k",64,3,"RcppML","cv",TRUE,"double",TRUE,6.83999999999992,1.36799999999998,49.3337796116073,51.5483329622572
"pbmc3k",64,3,"RcppML","cv",FALSE,"float",TRUE,34.8600000000001,6.97200000000003,49.3324182483854,51.5466239988304
"pbmc3k",64,3,"singlet","standard",FALSE,"double",FALSE,7.2800000000002,1.45600000000004,49.5914987304654,NA
"olivetti",2,1,"RcppML","standard",FALSE,"double",FALSE,0.0499999999999545,0.00999999999999091,0.327502617667834,NA
"olivetti",2,1,"RcppML","standard",TRUE,"double",FALSE,0.0599999999999454,0.0119999999999891,0.327502617667834,NA
"olivetti",2,1,"RcppML","cv",FALSE,"double",TRUE,0.490000000000009,0.0980000000000018,0.327625382568717,0.326724127219777
"olivetti",2,1,"RcppML","cv",TRUE,"double",TRUE,0.779999999999973,0.155999999999995,0.327625382568717,0.326724127219777
"olivetti",2,1,"RcppML","cv",FALSE,"float",TRUE,1.08000000000015,0.216000000000031,0.327625382568717,0.326724127219777
"olivetti",2,1,"singlet","standard",FALSE,"double",FALSE,0.289999999999964,0.0579999999999927,0.329015773976279,NA
"olivetti",2,2,"RcppML","standard",FALSE,"double",FALSE,0.1099999999999,0.02199999999998,0.327500654948894,NA
"olivetti",2,2,"RcppML","standard",TRUE,"double",FALSE,0.130000000000109,0.0260000000000218,0.327500654948894,NA
"olivetti",2,2,"RcppML","cv",FALSE,"double",TRUE,1.53999999999996,0.307999999999993,0.32767631391229,0.325972099397976
"olivetti",2,2,"RcppML","cv",TRUE,"double",TRUE,5.12000000000012,1.02400000000002,0.32767631391229,0.325972099397976
"olivetti",2,2,"RcppML","cv",FALSE,"float",TRUE,1.27999999999997,0.255999999999995,0.32767631391229,0.325972099397976
"olivetti",2,2,"singlet","standard",FALSE,"double",FALSE,0.259999999999991,0.0519999999999982,0.329015771749339,NA
"olivetti",2,3,"RcppML","standard",FALSE,"double",FALSE,0.1099999999999,0.02199999999998,0.32752300293979,NA
"olivetti",2,3,"RcppML","standard",TRUE,"double",FALSE,0.1099999999999,0.02199999999998,0.32752300293979,NA
"olivetti",2,3,"RcppML","cv",FALSE,"double",TRUE,1.12999999999988,0.225999999999976,0.327691262397966,0.327137261723296
"olivetti",2,3,"RcppML","cv",TRUE,"double",TRUE,1.69000000000005,0.338000000000011,0.327691262397966,0.327137261723296
"olivetti",2,3,"RcppML","cv",FALSE,"float",TRUE,0.800000000000182,0.160000000000036,0.327691262397966,0.327137261723296
"olivetti",2,3,"singlet","standard",FALSE,"double",FALSE,0.25,0.05,0.329015773833061,NA
"olivetti",4,1,"RcppML","standard",FALSE,"double",FALSE,0.100000000000136,0.0200000000000273,0.326576207564101,NA
"olivetti",4,1,"RcppML","standard",TRUE,"double",FALSE,0.1400000000001,0.02800000000002,0.326576207564101,NA
"olivetti",4,1,"RcppML","cv",FALSE,"double",TRUE,0.819999999999936,0.163999999999987,0.32663306328358,0.32573074602686
"olivetti",4,1,"RcppML","cv",TRUE,"double",TRUE,0.829999999999927,0.165999999999985,0.32663306328358,0.32573074602686
"olivetti",4,1,"RcppML","cv",FALSE,"float",TRUE,0.710000000000036,0.142000000000007,0.32663306328358,0.32573074602686
"olivetti",4,1,"singlet","standard",FALSE,"double",FALSE,0.160000000000082,0.0320000000000164,0.329014359653601,NA
"olivetti",4,2,"RcppML","standard",FALSE,"double",FALSE,0.0600000000001728,0.0120000000000346,0.326645504366327,NA
"olivetti",4,2,"RcppML","standard",TRUE,"double",FALSE,0.0600000000001728,0.0120000000000346,0.326645504366327,NA
"olivetti",4,2,"RcppML","cv",FALSE,"double",TRUE,0.5,0.1,0.326750112328477,0.325053950482459
"olivetti",4,2,"RcppML","cv",TRUE,"double",TRUE,0.730000000000018,0.146000000000004,0.326750112328477,0.325053950482459
"olivetti",4,2,"RcppML","cv",FALSE,"float",TRUE,0.639999999999873,0.127999999999975,0.326750112328477,0.325053950482459
"olivetti",4,2,"singlet","standard",FALSE,"double",FALSE,0.170000000000073,0.0340000000000146,0.329014339599819,NA
"olivetti",4,3,"RcppML","standard",FALSE,"double",FALSE,0.0399999999999636,0.00799999999999272,0.326674616014723,NA
"olivetti",4,3,"RcppML","standard",TRUE,"double",FALSE,0.0700000000001637,0.0140000000000327,0.326674616014723,NA
"olivetti",4,3,"RcppML","cv",FALSE,"double",TRUE,0.600000000000136,0.120000000000027,0.32670150091421,0.326145206355058
"olivetti",4,3,"RcppML","cv",TRUE,"double",TRUE,0.600000000000136,0.120000000000027,0.32670150091421,0.326145206355058
"olivetti",4,3,"RcppML","cv",FALSE,"float",TRUE,0.669999999999845,0.133999999999969,0.32670150091421,0.326145206355058
"olivetti",4,3,"singlet","standard",FALSE,"double",FALSE,0.139999999999873,0.0279999999999745,0.329014358902847,NA
"olivetti",8,1,"RcppML","standard",FALSE,"double",FALSE,0.100000000000136,0.0200000000000273,0.324939634219351,NA
"olivetti",8,1,"RcppML","standard",TRUE,"double",FALSE,0.0900000000001455,0.0180000000000291,0.324939634219351,NA
"olivetti",8,1,"RcppML","cv",FALSE,"double",TRUE,0.6400000000001,0.12800000000002,0.324960825630736,0.324063703038977
"olivetti",8,1,"RcppML","cv",TRUE,"double",TRUE,0.569999999999936,0.113999999999987,0.324960825630736,0.324063703038977
"olivetti",8,1,"RcppML","cv",FALSE,"float",TRUE,0.6400000000001,0.12800000000002,0.324960825630736,0.324063703038977
"olivetti",8,1,"singlet","standard",FALSE,"double",FALSE,0.190000000000055,0.0380000000000109,0.329011481476078,NA
"olivetti",8,2,"RcppML","standard",FALSE,"double",FALSE,0.519999999999982,0.103999999999996,0.325190130858012,NA
"olivetti",8,2,"RcppML","standard",TRUE,"double",FALSE,0.120000000000118,0.0240000000000236,0.325190130858012,NA
"olivetti",8,2,"RcppML","cv",FALSE,"double",TRUE,0.6400000000001,0.12800000000002,0.325284209166697,0.323590586920697
"olivetti",8,2,"RcppML","cv",TRUE,"double",TRUE,0.589999999999918,0.117999999999984,0.325284209166697,0.323590586920697
"olivetti",8,2,"RcppML","cv",FALSE,"float",TRUE,0.560000000000173,0.112000000000035,0.325284209166697,0.323590586920697
"olivetti",8,2,"singlet","standard",FALSE,"double",FALSE,0.150000000000091,0.0300000000000182,0.329011438488554,NA
"olivetti",8,3,"RcppML","standard",FALSE,"double",FALSE,0.0599999999999454,0.0119999999999891,0.324941340618632,NA
"olivetti",8,3,"RcppML","standard",TRUE,"double",FALSE,0.0899999999999181,0.0179999999999836,0.324941340618632,NA
"olivetti",8,3,"RcppML","cv",FALSE,"double",TRUE,0.5,0.1,0.32492613084141,0.324376801609406
"olivetti",8,3,"RcppML","cv",TRUE,"double",TRUE,0.480000000000018,0.0960000000000036,0.32492613084141,0.324376801609406
"olivetti",8,3,"RcppML","cv",FALSE,"float",TRUE,0.589999999999918,0.117999999999984,0.32492613084141,0.324376801609406
"olivetti",8,3,"singlet","standard",FALSE,"double",FALSE,0.149999999999864,0.0299999999999727,0.32901147353041,NA
"olivetti",16,1,"RcppML","standard",FALSE,"double",FALSE,0.1099999999999,0.02199999999998,0.322801226289355,NA
"olivetti",16,1,"RcppML","standard",TRUE,"double",FALSE,0.110000000000127,0.0220000000000255,0.322801226289355,NA
"olivetti",16,1,"RcppML","cv",FALSE,"double",TRUE,0.639999999999873,0.127999999999975,0.322891303968029,0.322009193279581
"olivetti",16,1,"RcppML","cv",TRUE,"double",TRUE,0.6400000000001,0.12800000000002,0.322891303968029,0.322009193279581
"olivetti",16,1,"RcppML","cv",FALSE,"float",TRUE,0.660000000000082,0.132000000000016,0.322891303968029,0.322009193279581
"olivetti",16,1,"singlet","standard",FALSE,"double",FALSE,0.25,0.05,0.329005713599984,NA
"olivetti",16,2,"RcppML","standard",FALSE,"double",FALSE,0.110000000000127,0.0220000000000255,0.322278186477726,NA
"olivetti",16,2,"RcppML","standard",TRUE,"double",FALSE,0.139999999999873,0.0279999999999745,0.322278186477726,NA
"olivetti",16,2,"RcppML","cv",FALSE,"double",TRUE,0.839999999999918,0.167999999999984,0.322444555920349,0.32076929501667
"olivetti",16,2,"RcppML","cv",TRUE,"double",TRUE,1,0.2,0.322444555920349,0.32076929501667
"olivetti",16,2,"RcppML","cv",FALSE,"float",TRUE,0.700000000000045,0.140000000000009,0.322444555920349,0.32076929501667
"olivetti",16,2,"singlet","standard",FALSE,"double",FALSE,0.319999999999936,0.0639999999999873,0.329005681574353,NA
"olivetti",16,3,"RcppML","standard",FALSE,"double",FALSE,0.129999999999882,0.0259999999999764,0.322026670724254,NA
"olivetti",16,3,"RcppML","standard",TRUE,"double",FALSE,0.130000000000109,0.0260000000000218,0.322026670724254,NA
"olivetti",16,3,"RcppML","cv",FALSE,"double",TRUE,0.740000000000009,0.148000000000002,0.32197563801113,0.321434132797982
"olivetti",16,3,"RcppML","cv",TRUE,"double",TRUE,0.650000000000091,0.130000000000018,0.32197563801113,0.321434132797982
"olivetti",16,3,"RcppML","cv",FALSE,"float",TRUE,0.710000000000036,0.142000000000007,0.32197563801113,0.321434132797982
"olivetti",16,3,"singlet","standard",FALSE,"double",FALSE,0.230000000000018,0.0460000000000036,0.329005720019289,NA
"olivetti",32,1,"RcppML","standard",FALSE,"double",FALSE,0.369999999999891,0.0739999999999782,0.319541938966058,NA
"olivetti",32,1,"RcppML","standard",TRUE,"double",FALSE,0.540000000000191,0.108000000000038,0.319541938966058,NA
"olivetti",32,1,"RcppML","cv",FALSE,"double",TRUE,1.1099999999999,0.22199999999998,0.319739872971555,0.318868798776571
"olivetti",32,1,"RcppML","cv",TRUE,"double",TRUE,1.37999999999988,0.275999999999976,0.319739872971555,0.318868798776571
"olivetti",32,1,"RcppML","cv",FALSE,"float",TRUE,1.05999999999995,0.211999999999989,0.319739872971555,0.318868798776571
"olivetti",32,1,"singlet","standard",FALSE,"double",FALSE,0.660000000000082,0.132000000000016,0.328994246096834,NA
"olivetti",32,2,"RcppML","standard",FALSE,"double",FALSE,0.360000000000127,0.0720000000000255,0.319391328533173,NA
"olivetti",32,2,"RcppML","standard",TRUE,"double",FALSE,0.310000000000173,0.0620000000000346,0.319391328533173,NA
"olivetti",32,2,"RcppML","cv",FALSE,"double",TRUE,0.980000000000018,0.196000000000004,0.319597328761732,0.317932242915451
"olivetti",32,2,"RcppML","cv",TRUE,"double",TRUE,0.850000000000136,0.170000000000027,0.319597328761732,0.317932242915451
"olivetti",32,2,"RcppML","cv",FALSE,"float",TRUE,1.05999999999995,0.211999999999989,0.319597328761732,0.317932242915451
"olivetti",32,2,"singlet","standard",FALSE,"double",FALSE,0.779999999999973,0.155999999999995,0.328994217019727,NA
"olivetti",32,3,"RcppML","standard",FALSE,"double",FALSE,0.369999999999891,0.0739999999999782,0.318732538492129,NA
"olivetti",32,3,"RcppML","standard",TRUE,"double",FALSE,0.579999999999927,0.115999999999985,0.318732538492129,NA
"olivetti",32,3,"RcppML","cv",FALSE,"double",TRUE,1.1099999999999,0.22199999999998,0.318593651877307,0.318044663690001
"olivetti",32,3,"RcppML","cv",TRUE,"double",TRUE,1.02999999999997,0.205999999999995,0.318593651877307,0.318044663690001
"olivetti",32,3,"RcppML","cv",FALSE,"float",TRUE,0.8900000000001,0.17800000000002,0.318593651877307,0.318044663690001
"olivetti",32,3,"singlet","standard",FALSE,"double",FALSE,0.599999999999909,0.119999999999982,0.32899427427963,NA
"olivetti",64,1,"RcppML","standard",FALSE,"double",FALSE,0.889999999999873,0.177999999999975,0.315526052201891,NA
"olivetti",64,1,"RcppML","standard",TRUE,"double",FALSE,0.699999999999818,0.139999999999964,0.315526052201891,NA
"olivetti",64,1,"RcppML","cv",FALSE,"double",TRUE,1.94000000000005,0.388000000000011,0.315462975099727,0.314596255245294
"olivetti",64,1,"RcppML","cv",TRUE,"double",TRUE,3.41000000000008,0.682000000000016,0.315462975099727,0.314596255245294
"olivetti",64,1,"RcppML","cv",FALSE,"float",TRUE,1.91999999999985,0.383999999999969,0.315462975099727,0.314596255245294
"olivetti",64,1,"singlet","standard",FALSE,"double",FALSE,2.75,0.55,0.328971431116384,NA
"olivetti",64,2,"RcppML","standard",FALSE,"double",FALSE,0.690000000000055,0.138000000000011,0.315927204091839,NA
"olivetti",64,2,"RcppML","standard",TRUE,"double",FALSE,0.799999999999955,0.159999999999991,0.315927204091839,NA
"olivetti",64,2,"RcppML","cv",FALSE,"double",TRUE,1.69999999999982,0.339999999999964,0.315874296338517,0.314236915445364
"olivetti",64,2,"RcppML","cv",TRUE,"double",TRUE,3.54999999999995,0.709999999999991,0.315874296338517,0.314236915445364
"olivetti",64,2,"RcppML","cv",FALSE,"float",TRUE,2.1099999999999,0.42199999999998,0.315874296338517,0.314236915445364
"olivetti",64,2,"singlet","standard",FALSE,"double",FALSE,2.80999999999995,0.561999999999989,0.328971569422658,NA
"olivetti",64,3,"RcppML","standard",FALSE,"double",FALSE,0.630000000000109,0.126000000000022,0.314382885235155,NA
"olivetti",64,3,"RcppML","standard",TRUE,"double",FALSE,1.08000000000015,0.216000000000031,0.314382885235155,NA
"olivetti",64,3,"RcppML","cv",FALSE,"double",TRUE,1.86999999999989,0.373999999999978,0.314497647286832,0.313962241047688
"olivetti",64,3,"RcppML","cv",TRUE,"double",TRUE,2.05999999999995,0.411999999999989,0.314497647286832,0.313962241047688
"olivetti",64,3,"RcppML","cv",FALSE,"float",TRUE,1.94000000000005,0.388000000000011,0.314497647286832,0.313962241047688
"olivetti",64,3,"singlet","standard",FALSE,"double",FALSE,2.45999999999981,0.491999999999962,0.328971524926926,NA
"digits_full",2,1,"RcppML","standard",FALSE,"double",FALSE,0.0199999999999818,0.00399999999999636,117.469909105484,NA
"digits_full",2,1,"RcppML","standard",TRUE,"double",FALSE,0,0,117.469909105484,NA
"digits_full",2,1,"RcppML","cv",FALSE,"double",TRUE,0.0299999999999727,0.00599999999999454,117.541816864396,116.387547084126
"digits_full",2,1,"RcppML","cv",TRUE,"double",TRUE,0.0499999999999545,0.00999999999999091,117.541914634579,116.38762786471
"digits_full",2,1,"RcppML","cv",FALSE,"float",TRUE,0.0299999999999727,0.00599999999999454,117.541816864396,116.387547084126
"digits_full",2,1,"singlet","standard",FALSE,"double",FALSE,0,0,117.593567173116,NA
"digits_full",2,2,"RcppML","standard",FALSE,"double",FALSE,0.0199999999999818,0.00399999999999636,117.470992236017,NA
"digits_full",2,2,"RcppML","standard",TRUE,"double",FALSE,0,0,117.470992236017,NA
"digits_full",2,2,"RcppML","cv",FALSE,"double",TRUE,0.0399999999999636,0.00799999999999272,117.437180058412,117.981450605912
"digits_full",2,2,"RcppML","cv",TRUE,"double",TRUE,0.0299999999999727,0.00599999999999454,117.437346883908,117.981516734612
"digits_full",2,2,"RcppML","cv",FALSE,"float",TRUE,0.0499999999999545,0.00999999999999091,117.437180058412,117.981450605912
"digits_full",2,2,"singlet","standard",FALSE,"double",FALSE,0.0199999999999818,0.00399999999999636,117.593566695243,NA
"digits_full",2,3,"RcppML","standard",FALSE,"double",FALSE,0,0,117.47424224363,NA
"digits_full",2,3,"RcppML","standard",TRUE,"double",FALSE,0.0199999999999818,0.00399999999999636,117.47424224363,NA
"digits_full",2,3,"RcppML","cv",FALSE,"double",TRUE,0.0299999999999727,0.00599999999999454,117.561586283194,116.162150631832
"digits_full",2,3,"RcppML","cv",TRUE,"double",TRUE,0.0299999999999727,0.00599999999999454,117.561931358688,116.162418871789
"digits_full",2,3,"RcppML","cv",FALSE,"float",TRUE,0.0299999999999727,0.00599999999999454,117.561586283194,116.162150631832
"digits_full",2,3,"singlet","standard",FALSE,"double",FALSE,0,0,117.593566974475,NA
"digits_full",4,1,"RcppML","standard",FALSE,"double",FALSE,0,0,117.389260301827,NA
"digits_full",4,1,"RcppML","standard",TRUE,"double",FALSE,0.00999999999999091,0.00199999999999818,117.389260301827,NA
"digits_full",4,1,"RcppML","cv",FALSE,"double",TRUE,0.0399999999999636,0.00799999999999272,117.462005703167,116.308002535982
"digits_full",4,1,"RcppML","cv",TRUE,"double",TRUE,0.0299999999999727,0.00599999999999454,117.462055858695,116.308054433141
"digits_full",4,1,"RcppML","cv",FALSE,"float",TRUE,0.0299999999999727,0.00599999999999454,117.462005703167,116.308002535982
"digits_full",4,1,"singlet","standard",FALSE,"double",FALSE,0.0199999999999818,0.00399999999999636,117.592873285679,NA
"digits_full",4,2,"RcppML","standard",FALSE,"double",FALSE,0.0199999999999818,0.00399999999999636,117.385930156919,NA
"digits_full",4,2,"RcppML","standard",TRUE,"double",FALSE,0.0299999999999727,0.00599999999999454,117.385930156919,NA
"digits_full",4,2,"RcppML","cv",FALSE,"double",TRUE,0.0499999999999545,0.00999999999999091,117.353804843267,117.89992958363
"digits_full",4,2,"RcppML","cv",TRUE,"double",TRUE,0.0499999999999545,0.00999999999999091,117.354436204309,117.900401418727
"digits_full",4,2,"RcppML","cv",FALSE,"float",TRUE,0.279999999999973,0.0559999999999945,117.353804843267,117.89992958363
"digits_full",4,2,"singlet","standard",FALSE,"double",FALSE,0.0299999999999727,0.00599999999999454,117.592877664126,NA
"digits_full",4,3,"RcppML","standard",FALSE,"double",FALSE,0.00999999999999091,0.00199999999999818,117.388067193389,NA
"digits_full",4,3,"RcppML","standard",TRUE,"double",FALSE,0.0399999999999636,0.00799999999999272,117.388067193389,NA
"digits_full",4,3,"RcppML","cv",FALSE,"double",TRUE,0.0399999999999636,0.00799999999999272,117.475791112318,116.076287378623
"digits_full",4,3,"RcppML","cv",TRUE,"double",TRUE,0.00999999999999091,0.00199999999999818,117.476595701983,116.07728991592
"digits_full",4,3,"RcppML","cv",FALSE,"float",TRUE,0.0199999999999818,0.00399999999999636,117.475791112318,116.076287378623
"digits_full",4,3,"singlet","standard",FALSE,"double",FALSE,0,0,117.592869575894,NA
"digits_full",8,1,"RcppML","standard",FALSE,"double",FALSE,0.0200000000002092,0.00400000000004184,117.256927350183,NA
"digits_full",8,1,"RcppML","standard",TRUE,"double",FALSE,0,0,117.256927350183,NA
"digits_full",8,1,"RcppML","cv",FALSE,"double",TRUE,0.00999999999999091,0.00199999999999818,117.330477431872,116.178178189411
"digits_full",8,1,"RcppML","cv",TRUE,"double",TRUE,0.0199999999999818,0.00399999999999636,117.333651881376,116.181257984734
"digits_full",8,1,"RcppML","cv",FALSE,"float",TRUE,0.0399999999999636,0.00799999999999272,117.330477431872,116.178178189411
"digits_full",8,1,"singlet","standard",FALSE,"double",FALSE,0.00999999999999091,0.00199999999999818,117.591415944906,NA
"digits_full",8,2,"RcppML","standard",FALSE,"double",FALSE,0.0999999999999091,0.0199999999999818,117.258452305169,NA
"digits_full",8,2,"RcppML","standard",TRUE,"double",FALSE,0.0599999999999454,0.0119999999999891,117.258452305169,NA
"digits_full",8,2,"RcppML","cv",FALSE,"double",TRUE,0.040000000000191,0.0080000000000382,117.226192045426,117.771870880985
"digits_full",8,2,"RcppML","cv",TRUE,"double",TRUE,0.0199999999999818,0.00399999999999636,117.226506340966,117.772087568377
"digits_full",8,2,"RcppML","cv",FALSE,"float",TRUE,0.0299999999999727,0.00599999999999454,117.226192045426,117.771870880985
"digits_full",8,2,"singlet","standard",FALSE,"double",FALSE,0.0199999999999818,0.00399999999999636,117.591427424295,NA
"digits_full",8,3,"RcppML","standard",FALSE,"double",FALSE,0.00999999999999091,0.00199999999999818,117.254055178639,NA
"digits_full",8,3,"RcppML","standard",TRUE,"double",FALSE,0.0199999999999818,0.00399999999999636,117.254055178639,NA
"digits_full",8,3,"RcppML","cv",FALSE,"double",TRUE,0.25,0.05,117.34390608253,115.945687156823
"digits_full",8,3,"RcppML","cv",TRUE,"double",TRUE,0.0399999999999636,0.00799999999999272,117.343868625273,115.945588558623
"digits_full",8,3,"RcppML","cv",FALSE,"float",TRUE,0.0299999999999727,0.00599999999999454,117.34390608253,115.945687156823
"digits_full",8,3,"singlet","standard",FALSE,"double",FALSE,0,0,117.591410557178,NA
"digits_full",16,1,"RcppML","standard",FALSE,"double",FALSE,0.0199999999999818,0.00399999999999636,117.06300686528,NA
"digits_full",16,1,"RcppML","standard",TRUE,"double",FALSE,0.0299999999999727,0.00599999999999454,117.06300686528,NA
"digits_full",16,1,"RcppML","cv",FALSE,"double",TRUE,0.320000000000164,0.0640000000000327,117.132236483079,115.982180537138
"digits_full",16,1,"RcppML","cv",TRUE,"double",TRUE,0.0399999999999636,0.00799999999999272,117.134353810142,115.984024115969
"digits_full",16,1,"RcppML","cv",FALSE,"float",TRUE,0.160000000000082,0.0320000000000164,117.132236483079,115.982180537138
"digits_full",16,1,"singlet","standard",FALSE,"double",FALSE,0.0299999999999727,0.00599999999999454,117.588392133645,NA
"digits_full",16,2,"RcppML","standard",FALSE,"double",FALSE,0,0,117.05458815124,NA
"digits_full",16,2,"RcppML","standard",TRUE,"double",FALSE,0.0199999999999818,0.00399999999999636,117.05458815124,NA
"digits_full",16,2,"RcppML","cv",FALSE,"double",TRUE,0.0299999999999727,0.00599999999999454,117.019309357552,117.565733810033
"digits_full",16,2,"RcppML","cv",TRUE,"double",TRUE,0.0200000000002092,0.00400000000004184,117.022828447033,117.569880038401
"digits_full",16,2,"RcppML","cv",FALSE,"float",TRUE,0.0299999999999727,0.00599999999999454,117.019309357552,117.565733810033
"digits_full",16,2,"singlet","standard",FALSE,"double",FALSE,0.0199999999999818,0.00399999999999636,117.588370859793,NA
"digits_full",16,3,"RcppML","standard",FALSE,"double",FALSE,0.00999999999999091,0.00199999999999818,117.049976483692,NA
"digits_full",16,3,"RcppML","standard",TRUE,"double",FALSE,0.0199999999999818,0.00399999999999636,117.049976483692,NA
"digits_full",16,3,"RcppML","cv",FALSE,"double",TRUE,0.00999999999999091,0.00199999999999818,117.139822921135,115.747003484019
"digits_full",16,3,"RcppML","cv",TRUE,"double",TRUE,0.0299999999999727,0.00599999999999454,117.141225814462,115.748752701157
"digits_full",16,3,"RcppML","cv",FALSE,"float",TRUE,0.0199999999999818,0.00399999999999636,117.139822921135,115.747003484019
"digits_full",16,3,"singlet","standard",FALSE,"double",FALSE,0.0299999999999727,0.00599999999999454,117.588445919452,NA
"digits_full",32,1,"RcppML","standard",FALSE,"double",FALSE,0.5,0.1,116.778928246163,NA
"digits_full",32,1,"RcppML","standard",TRUE,"double",FALSE,1.08000000000015,0.216000000000031,116.778928246163,NA
"digits_full",32,1,"RcppML","cv",FALSE,"double",TRUE,0.579999999999927,0.115999999999985,116.851344209502,115.700537715784
"digits_full",32,1,"RcppML","cv",TRUE,"double",TRUE,0.430000000000064,0.0860000000000127,116.855198342302,115.705008079383
"digits_full",32,1,"RcppML","cv",FALSE,"float",TRUE,0.550000000000182,0.110000000000036,116.851344209502,115.700537715784
"digits_full",32,1,"singlet","standard",FALSE,"double",FALSE,0.0500000000001819,0.0100000000000364,117.582120705624,NA
"digits_full",32,2,"RcppML","standard",FALSE,"double",FALSE,0.559999999999945,0.111999999999989,116.787023977443,NA
"digits_full",32,2,"RcppML","standard",TRUE,"double",FALSE,0.629999999999882,0.125999999999976,116.787023977443,NA
"digits_full",32,2,"RcppML","cv",FALSE,"double",TRUE,0.75,0.15,116.767812635019,117.309177704221
"digits_full",32,2,"RcppML","cv",TRUE,"double",TRUE,0.639999999999873,0.127999999999975,116.763870111656,117.304256379403
"digits_full",32,2,"RcppML","cv",FALSE,"float",TRUE,1.67000000000007,0.334000000000015,116.767812635019,117.309177704221
"digits_full",32,2,"singlet","standard",FALSE,"double",FALSE,0.0600000000001728,0.0120000000000346,117.582143422186,NA
"digits_full",32,3,"RcppML","standard",FALSE,"double",FALSE,0.779999999999973,0.155999999999995,116.772748406421,NA
"digits_full",32,3,"RcppML","standard",TRUE,"double",FALSE,0.560000000000173,0.112000000000035,116.772748406421,NA
"digits_full",32,3,"RcppML","cv",FALSE,"double",TRUE,0.840000000000146,0.168000000000029,116.86093351894,115.473697260681
"digits_full",32,3,"RcppML","cv",TRUE,"double",TRUE,0.349999999999909,0.0699999999999818,116.869623631274,115.484196199097
"digits_full",32,3,"RcppML","cv",FALSE,"float",TRUE,0.730000000000018,0.146000000000004,116.86093351894,115.473697260681
"digits_full",32,3,"singlet","standard",FALSE,"double",FALSE,0.0499999999999545,0.00999999999999091,117.582127771757,NA
"golub",2,1,"RcppML","standard",FALSE,"double",FALSE,0,0,1167415.26677481,NA
"golub",2,1,"RcppML","standard",TRUE,"double",FALSE,0,0,1167415.26677481,NA
"golub",2,1,"RcppML","cv",FALSE,"double",TRUE,0.0299999999999727,0.00599999999999454,1161181.0451897,1262221.7117095
"golub",2,1,"RcppML","cv",TRUE,"double",TRUE,0.0200000000002092,0.00400000000004184,1161181.0451897,1262221.7117095
"golub",2,1,"RcppML","cv",FALSE,"float",TRUE,0.00999999999999091,0.00199999999999818,1161181.0451897,1262221.7117095
"golub",2,1,"singlet","standard",FALSE,"double",FALSE,0.0199999999999818,0.00399999999999636,1167421.52281243,NA
"golub",2,2,"RcppML","standard",FALSE,"double",FALSE,0.0199999999999818,0.00399999999999636,1167415.20414957,NA
"golub",2,2,"RcppML","standard",TRUE,"double",FALSE,0,0,1167415.20414957,NA
"golub",2,2,"RcppML","cv",FALSE,"double",TRUE,0.0299999999999727,0.00599999999999454,1175365.53230758,1047134.38557182
"golub",2,2,"RcppML","cv",TRUE,"double",TRUE,0.0299999999999727,0.00599999999999454,1175365.53230758,1047134.38557182
"golub",2,2,"RcppML","cv",FALSE,"float",TRUE,0.0399999999999636,0.00799999999999272,1175365.53230758,1047134.38557182
"golub",2,2,"singlet","standard",FALSE,"double",FALSE,0,0,1167421.52671794,NA
"golub",2,3,"RcppML","standard",FALSE,"double",FALSE,0,0,1167415.17756127,NA
"golub",2,3,"RcppML","standard",TRUE,"double",FALSE,0.0199999999999818,0.00399999999999636,1167415.17756127,NA
"golub",2,3,"RcppML","cv",FALSE,"double",TRUE,0.0299999999999727,0.00599999999999454,1172810.94306044,1086616.83497833
"golub",2,3,"RcppML","cv",TRUE,"double",TRUE,0.00999999999999091,0.00199999999999818,1172810.94306044,1086616.83497833
"golub",2,3,"RcppML","cv",FALSE,"float",TRUE,0.0299999999999727,0.00599999999999454,1172810.94306044,1086616.83497833
"golub",2,3,"singlet","standard",FALSE,"double",FALSE,0,0,1167421.5254249,NA
"golub",4,1,"RcppML","standard",FALSE,"double",FALSE,0,0,1167411.36172413,NA
"golub",4,1,"RcppML","standard",TRUE,"double",FALSE,0,0,1167411.36172413,NA
"golub",4,1,"RcppML","cv",FALSE,"double",TRUE,0.0299999999999727,0.00599999999999454,1161177.18838226,1262217.61073668
"golub",4,1,"RcppML","cv",TRUE,"double",TRUE,0.0299999999999727,0.00599999999999454,1161177.18838226,1262217.61073668
"golub",4,1,"RcppML","cv",FALSE,"float",TRUE,0.0399999999999636,0.00799999999999272,1161177.18838226,1262217.61073668
"golub",4,1,"singlet","standard",FALSE,"double",FALSE,0.0199999999999818,0.00399999999999636,1167421.46116182,NA
"golub",4,2,"RcppML","standard",FALSE,"double",FALSE,0,0,1167411.3969442,NA
"golub",4,2,"RcppML","standard",TRUE,"double",FALSE,0.00999999999999091,0.00199999999999818,1167411.3969442,NA
"golub",4,2,"RcppML","cv",FALSE,"double",TRUE,0.0299999999999727,0.00599999999999454,1175361.64226298,1047131.06751904
"golub",4,2,"RcppML","cv",TRUE,"double",TRUE,0.0299999999999727,0.00599999999999454,1175361.64226298,1047131.06751904
"golub",4,2,"RcppML","cv",FALSE,"float",TRUE,0.0399999999999636,0.00799999999999272,1175361.64226298,1047131.06751904
"golub",4,2,"singlet","standard",FALSE,"double",FALSE,0.00999999999999091,0.00199999999999818,1167421.45754905,NA
"golub",4,3,"RcppML","standard",FALSE,"double",FALSE,0.00999999999999091,0.00199999999999818,1167411.62795831,NA
"golub",4,3,"RcppML","standard",TRUE,"double",FALSE,0.00999999999999091,0.00199999999999818,1167411.62795831,NA
"golub",4,3,"RcppML","cv",FALSE,"double",TRUE,0.0299999999999727,0.00599999999999454,1172807.33051245,1086613.87504548
"golub",4,3,"RcppML","cv",TRUE,"double",TRUE,0.0200000000002092,0.00400000000004184,1172807.33051245,1086613.87504548
"golub",4,3,"RcppML","cv",FALSE,"float",TRUE,0.0199999999999818,0.00399999999999636,1172807.33051245,1086613.87504548
"golub",4,3,"singlet","standard",FALSE,"double",FALSE,0,0,1167421.45953538,NA
"golub",8,1,"RcppML","standard",FALSE,"double",FALSE,0.0399999999999636,0.00799999999999272,1167404.91125589,NA
"golub",8,1,"RcppML","standard",TRUE,"double",FALSE,0.0199999999999818,0.00399999999999636,1167404.91125589,NA
"golub",8,1,"RcppML","cv",FALSE,"double",TRUE,0.0299999999999727,0.00599999999999454,1161170.9669996,1262209.88820722
"golub",8,1,"RcppML","cv",TRUE,"double",TRUE,0.0199999999999818,0.00399999999999636,1161170.9669996,1262209.88820722
"golub",8,1,"RcppML","cv",FALSE,"float",TRUE,0.0299999999999727,0.00599999999999454,1161170.9669996,1262209.88820722
"golub",8,1,"singlet","standard",FALSE,"double",FALSE,0.0199999999999818,0.00399999999999636,1167421.33049645,NA
"golub",8,2,"RcppML","standard",FALSE,"double",FALSE,0.0199999999999818,0.00399999999999636,1167404.9331077,NA
"golub",8,2,"RcppML","standard",TRUE,"double",FALSE,0.0299999999999727,0.00599999999999454,1167404.9331077,NA
"golub",8,2,"RcppML","cv",FALSE,"double",TRUE,0.0500000000001819,0.0100000000000364,1175355.39886527,1047125.44004547
"golub",8,2,"RcppML","cv",TRUE,"double",TRUE,0.0500000000001819,0.0100000000000364,1175355.39886527,1047125.44004547
"golub",8,2,"RcppML","cv",FALSE,"float",TRUE,0.0500000000001819,0.0100000000000364,1175355.39886527,1047125.44004547
"golub",8,2,"singlet","standard",FALSE,"double",FALSE,0.00999999999999091,0.00199999999999818,1167421.32081034,NA
"golub",8,3,"RcppML","standard",FALSE,"double",FALSE,0.00999999999999091,0.00199999999999818,1167405.43400618,NA
"golub",8,3,"RcppML","standard",TRUE,"double",FALSE,0.0199999999999818,0.00399999999999636,1167405.43400618,NA
"golub",8,3,"RcppML","cv",FALSE,"double",TRUE,0.0399999999999636,0.00799999999999272,1172801.15007427,1086608.37992617
"golub",8,3,"RcppML","cv",TRUE,"double",TRUE,0.0499999999999545,0.00999999999999091,1172801.15007427,1086608.37992617
"golub",8,3,"RcppML","cv",FALSE,"float",TRUE,0.0500000000001819,0.0100000000000364,1172801.15007427,1086608.37992617
"golub",8,3,"singlet","standard",FALSE,"double",FALSE,0.0299999999999727,0.00599999999999454,1167421.333163,NA
"golub",16,1,"RcppML","standard",FALSE,"double",FALSE,0.0499999999999545,0.00999999999999091,1167395.06711793,NA
"golub",16,1,"RcppML","standard",TRUE,"double",FALSE,0.0299999999999727,0.00599999999999454,1167395.06711793,NA
"golub",16,1,"RcppML","cv",FALSE,"double",TRUE,0.0399999999999636,0.00799999999999272,1161161.36658601,1262198.83975916
"golub",16,1,"RcppML","cv",TRUE,"double",TRUE,0.0599999999999454,0.0119999999999891,1161161.36658601,1262198.83975916
"golub",16,1,"RcppML","cv",FALSE,"float",TRUE,0.0599999999999454,0.0119999999999891,1161161.36658601,1262198.83975916
"golub",16,1,"singlet","standard",FALSE,"double",FALSE,0.0599999999999454,0.0119999999999891,1167421.04313146,NA
"golub",16,2,"RcppML","standard",FALSE,"double",FALSE,0.0299999999999727,0.00599999999999454,1167395.2198748,NA
"golub",16,2,"RcppML","standard",TRUE,"double",FALSE,0.0299999999999727,0.00599999999999454,1167395.2198748,NA
"golub",16,2,"RcppML","cv",FALSE,"double",TRUE,0.0500000000001819,0.0100000000000364,1175345.76558464,1047117.15128023
"golub",16,2,"RcppML","cv",TRUE,"double",TRUE,0.0500000000001819,0.0100000000000364,1175345.76558464,1047117.15128023
"golub",16,2,"RcppML","cv",FALSE,"float",TRUE,0.0399999999999636,0.00799999999999272,1175345.76558464,1047117.15128023
"golub",16,2,"singlet","standard",FALSE,"double",FALSE,0.0599999999999454,0.0119999999999891,1167421.04985262,NA
"golub",16,3,"RcppML","standard",FALSE,"double",FALSE,0.00999999999999091,0.00199999999999818,1167395.32125983,NA
"golub",16,3,"RcppML","standard",TRUE,"double",FALSE,0.0299999999999727,0.00599999999999454,1167395.32125983,NA
"golub",16,3,"RcppML","cv",FALSE,"double",TRUE,0.0399999999999636,0.00799999999999272,1172791.49047959,1086598.70096495
"golub",16,3,"RcppML","cv",TRUE,"double",TRUE,0.0399999999999636,0.00799999999999272,1172791.49047959,1086598.70096495
"golub",16,3,"RcppML","cv",FALSE,"float",TRUE,0.0499999999999545,0.00999999999999091,1172791.49047959,1086598.70096495
"golub",16,3,"singlet","standard",FALSE,"double",FALSE,0.0399999999999636,0.00799999999999272,1167421.03961541,NA
"golub",32,1,"RcppML","standard",FALSE,"double",FALSE,1.84000000000015,0.368000000000029,1167380.02302257,NA
"golub",32,1,"RcppML","standard",TRUE,"double",FALSE,0.75,0.15,1167380.02302257,NA
"golub",32,1,"RcppML","cv",FALSE,"double",TRUE,0.710000000000036,0.142000000000007,1161146.79583288,1262185.3974484
"golub",32,1,"RcppML","cv",TRUE,"double",TRUE,0.970000000000027,0.194000000000005,1161146.79583288,1262185.3974484
"golub",32,1,"RcppML","cv",FALSE,"float",TRUE,0.550000000000182,0.110000000000036,1161146.79583288,1262185.3974484
"golub",32,1,"singlet","standard",FALSE,"double",FALSE,0.160000000000082,0.0320000000000164,1167420.48401669,NA
"golub",32,2,"RcppML","standard",FALSE,"double",FALSE,3.36999999999989,0.673999999999978,1167379.45273965,NA
"golub",32,2,"RcppML","standard",TRUE,"double",FALSE,1.22000000000003,0.244000000000005,1167379.45273965,NA
"golub",32,2,"RcppML","cv",FALSE,"double",TRUE,1.83000000000015,0.366000000000031,1175330.65580006,1047103.67776439
"golub",32,2,"RcppML","cv",TRUE,"double",TRUE,0.759999999999991,0.151999999999998,1175330.65580006,1047103.67776439
"golub",32,2,"RcppML","cv",FALSE,"float",TRUE,1.47000000000003,0.294000000000005,1175330.65580006,1047103.67776439
"golub",32,2,"singlet","standard",FALSE,"double",FALSE,0.1400000000001,0.02800000000002,1167420.46327007,NA
"golub",32,3,"RcppML","standard",FALSE,"double",FALSE,1.61000000000013,0.322000000000025,1167379.37011526,NA
"golub",32,3,"RcppML","standard",TRUE,"double",FALSE,1.37999999999988,0.275999999999976,1167379.37011526,NA
"golub",32,3,"RcppML","cv",FALSE,"double",TRUE,0.670000000000073,0.134000000000015,1172776.53906766,1086583.51281332
"golub",32,3,"RcppML","cv",TRUE,"double",TRUE,1.47000000000003,0.294000000000005,1172776.53906766,1086583.51281332
"golub",32,3,"RcppML","cv",FALSE,"float",TRUE,0.889999999999873,0.177999999999975,1172776.53906766,1086583.51281332
"golub",32,3,"singlet","standard",FALSE,"double",FALSE,0.159999999999854,0.0319999999999709,1167420.485294,NA
"aml",2,1,"singlet","cv",FALSE,"double",TRUE,0.0399999999999991,0.00799999999999983,NA,0.0357523746557167
"aml",2,2,"singlet","cv",FALSE,"double",TRUE,0,0,NA,0.0356507371681144
"aml",2,3,"singlet","cv",FALSE,"double",TRUE,0.00999999999999979,0.00199999999999996,NA,0.0357266592213314
"aml",4,1,"singlet","cv",FALSE,"double",TRUE,0.0199999999999996,0.00399999999999992,NA,0.0348090401777083
"aml",4,2,"singlet","cv",FALSE,"double",TRUE,0.0199999999999996,0.00399999999999992,NA,0.0346635376126767
"aml",4,3,"singlet","cv",FALSE,"double",TRUE,0,0,NA,0.0334395306132671
"aml",8,1,"singlet","cv",FALSE,"double",TRUE,0,0,NA,0.0332122726623142
"aml",8,2,"singlet","cv",FALSE,"double",TRUE,0.00999999999999979,0.00199999999999996,NA,0.0333273376946652
"aml",8,3,"singlet","cv",FALSE,"double",TRUE,0.0199999999999996,0.00399999999999992,NA,0.0366065702547333
"aml",16,1,"singlet","cv",FALSE,"double",TRUE,0.0299999999999994,0.00599999999999987,NA,0.0337583914560676
"aml",16,2,"singlet","cv",FALSE,"double",TRUE,0.0399999999999991,0.00799999999999983,NA,0.0363785358772713
"aml",16,3,"singlet","cv",FALSE,"double",TRUE,0.0199999999999996,0.00399999999999992,NA,0.0339714139186459
"pbmc3k",2,1,"singlet","cv",FALSE,"double",TRUE,1.11,0.222,NA,0.994863440601426
"pbmc3k",2,2,"singlet","cv",FALSE,"double",TRUE,1.19,0.238,NA,1.00729485169786
"pbmc3k",2,3,"singlet","cv",FALSE,"double",TRUE,1.12,0.223999999999999,NA,1.07352678464001
"pbmc3k",4,1,"singlet","cv",FALSE,"double",TRUE,1.22,0.244,NA,1.10574732724276
"pbmc3k",4,2,"singlet","cv",FALSE,"double",TRUE,1.39,0.277999999999999,NA,0.980179278732149
"pbmc3k",4,3,"singlet","cv",FALSE,"double",TRUE,1.28,0.256,NA,0.915748301758053
"pbmc3k",8,1,"singlet","cv",FALSE,"double",TRUE,1.39,0.278,NA,1.05223454191233
"pbmc3k",8,2,"singlet","cv",FALSE,"double",TRUE,1.53,0.306,NA,0.941903457098417
"pbmc3k",8,3,"singlet","cv",FALSE,"double",TRUE,1.41,0.282,NA,0.91924001089881
"pbmc3k",16,1,"singlet","cv",FALSE,"double",TRUE,1.78,0.356,NA,0.964660090350103
"pbmc3k",16,2,"singlet","cv",FALSE,"double",TRUE,1.67,0.334,NA,0.981344006675241
"pbmc3k",16,3,"singlet","cv",FALSE,"double",TRUE,1.76,0.352,NA,0.944875868171463
"olivetti",2,1,"singlet","cv",FALSE,"double",TRUE,0.109999999999999,0.0219999999999999,NA,0.0149388902088579
"olivetti",2,2,"singlet","cv",FALSE,"double",TRUE,0.100000000000001,0.0200000000000003,NA,0.0151580817896195
"olivetti",2,3,"singlet","cv",FALSE,"double",TRUE,0.0799999999999983,0.0159999999999997,NA,0.0146038112273774
"olivetti",4,1,"singlet","cv",FALSE,"double",TRUE,0.119999999999997,0.0239999999999995,NA,0.0135779074219193
"olivetti",4,2,"singlet","cv",FALSE,"double",TRUE,0.119999999999997,0.0239999999999995,NA,0.0145259762805654
"olivetti",4,3,"singlet","cv",FALSE,"double",TRUE,0.110000000000007,0.0220000000000013,NA,0.0138532439231474
"olivetti",8,1,"singlet","cv",FALSE,"double",TRUE,0.149999999999999,0.0299999999999997,NA,0.0127328995953996
"olivetti",8,2,"singlet","cv",FALSE,"double",TRUE,0.369999999999997,0.0739999999999995,NA,0.0117277576356033
"olivetti",8,3,"singlet","cv",FALSE,"double",TRUE,0.210000000000001,0.0420000000000002,NA,0.0130383631443196
"olivetti",16,1,"singlet","cv",FALSE,"double",TRUE,0.219999999999999,0.0439999999999998,NA,0.0111079167973788
"olivetti",16,2,"singlet","cv",FALSE,"double",TRUE,0.199999999999996,0.0399999999999991,NA,0.0106073931159986
"olivetti",16,3,"singlet","cv",FALSE,"double",TRUE,0.210000000000001,0.0420000000000002,NA,0.0109514841592217
"digits_full",2,1,"singlet","cv",FALSE,"double",TRUE,0.0200000000000031,0.00400000000000063,NA,18.6507975415781
"digits_full",2,2,"singlet","cv",FALSE,"double",TRUE,0.0200000000000031,0.00400000000000063,NA,18.9274110632282
"digits_full",2,3,"singlet","cv",FALSE,"double",TRUE,0,0,NA,18.5813288903652
"digits_full",4,1,"singlet","cv",FALSE,"double",TRUE,0.019999999999996,0.0039999999999992,NA,18.07846320342
"digits_full",4,2,"singlet","cv",FALSE,"double",TRUE,0.00999999999999801,0.0019999999999996,NA,17.5229627135103
"digits_full",4,3,"singlet","cv",FALSE,"double",TRUE,0.00999999999999801,0.0019999999999996,NA,18.4484709371312
"digits_full",8,1,"singlet","cv",FALSE,"double",TRUE,0.00999999999999801,0.0019999999999996,NA,16.8022510634928
"digits_full",8,2,"singlet","cv",FALSE,"double",TRUE,0.00999999999999801,0.0019999999999996,NA,18.1684891636602
"digits_full",8,3,"singlet","cv",FALSE,"double",TRUE,0.00999999999999801,0.0019999999999996,NA,17.0625042269222
"digits_full",16,1,"singlet","cv",FALSE,"double",TRUE,0.0300000000000011,0.00600000000000023,NA,15.2002354430764
"digits_full",16,2,"singlet","cv",FALSE,"double",TRUE,0.0399999999999991,0.00799999999999983,NA,15.0634037721598
"digits_full",16,3,"singlet","cv",FALSE,"double",TRUE,0.0300000000000011,0.00600000000000023,NA,16.1255802422063
"golub",2,1,"singlet","cv",FALSE,"double",TRUE,0.00999999999999801,0.0019999999999996,NA,424529.188892441
"golub",2,2,"singlet","cv",FALSE,"double",TRUE,0.0200000000000031,0.00400000000000063,NA,414989.063550119
"golub",2,3,"singlet","cv",FALSE,"double",TRUE,0.00999999999999801,0.0019999999999996,NA,652864.380350294
"golub",4,1,"singlet","cv",FALSE,"double",TRUE,0.0200000000000031,0.00400000000000063,NA,720165.626356989
"golub",4,2,"singlet","cv",FALSE,"double",TRUE,0.0300000000000011,0.00600000000000023,NA,698498.107291026
"golub",4,3,"singlet","cv",FALSE,"double",TRUE,0.0200000000000031,0.00400000000000063,NA,596771.611286016
"golub",8,1,"singlet","cv",FALSE,"double",TRUE,0.0300000000000011,0.00600000000000023,NA,408959.53776391
"golub",8,2,"singlet","cv",FALSE,"double",TRUE,0.0200000000000031,0.00400000000000063,NA,337771.718739714
"golub",8,3,"singlet","cv",FALSE,"double",TRUE,0.0300000000000011,0.00600000000000023,NA,401793.229380755
"golub",16,1,"singlet","cv",FALSE,"double",TRUE,0.0599999999999952,0.011999999999999,NA,463706.79021011
"golub",16,2,"singlet","cv",FALSE,"double",TRUE,0.0799999999999983,0.0159999999999997,NA,513131.446577979
"golub",16,3,"singlet","cv",FALSE,"double",TRUE,0.0700000000000003,0.0140000000000001,NA,718719.665966133
